-- phpMyAdmin SQL Dump
-- version 4.5.4.1deb2ubuntu2
-- http://www.phpmyadmin.net
--
-- Host: localhost
-- Generation Time: Sep 10, 2019 at 05:04 PM
-- Server version: 5.7.20-0ubuntu0.16.04.1
-- PHP Version: 7.0.22-0ubuntu0.16.04.1

SET SQL_MODE = "NO_AUTO_VALUE_ON_ZERO";
SET time_zone = "+00:00";


/*!40101 SET @OLD_CHARACTER_SET_CLIENT=@@CHARACTER_SET_CLIENT */;
/*!40101 SET @OLD_CHARACTER_SET_RESULTS=@@CHARACTER_SET_RESULTS */;
/*!40101 SET @OLD_COLLATION_CONNECTION=@@COLLATION_CONNECTION */;
/*!40101 SET NAMES utf8mb4 */;

--
-- Database: `itrack`
--

-- --------------------------------------------------------

--
-- Table structure for table `actions_params`
--

CREATE TABLE `actions_params` (
  `id` int(11) NOT NULL,
  `document_id` int(11) NOT NULL,
  `params` longtext NOT NULL
) ENGINE=InnoDB DEFAULT CHARSET=latin1;

-- --------------------------------------------------------

--
-- Table structure for table `communications`
--

CREATE TABLE `communications` (
  `id` int(11) NOT NULL,
  `communication` varchar(400) DEFAULT NULL,
  `shortname` varchar(150) DEFAULT NULL
) ENGINE=InnoDB DEFAULT CHARSET=latin1;

--
-- Dumping data for table `communications`
--

INSERT INTO `communications` (`id`, `communication`, `shortname`) VALUES
(1, 'To Internal', 'INT'),
(2, 'To External', 'EXT');

-- --------------------------------------------------------

--
-- Table structure for table `departments`
--

CREATE TABLE `departments` (
  `id` int(11) NOT NULL,
  `dept` varchar(200) DEFAULT NULL,
  `shortname` varchar(50) DEFAULT NULL
) ENGINE=InnoDB DEFAULT CHARSET=latin1;

--
-- Dumping data for table `departments`
--

INSERT INTO `departments` (`id`, `dept`, `shortname`) VALUES
(1, 'OFFICE OF THE PROVINCIAL GOVERNOR', 'OPG'),
(2, 'OFFICE OF THE PROVINCIAL ADMINISTRATOR', 'ADM'),
(3, 'OFFICE OF THE PROVINCIAL VICE-GOVERNOR', 'VG'),
(4, 'OFFICE OF THE SANGGUNIANG PANLALAWIGAN', 'SP'),
(5, 'OFFICE OF THE PROVINCIAL TREASURER', 'PTO'),
(6, 'OFFICE OF THE PROVINCIAL ASSESSOR', 'ASS'),
(7, 'OFFICE OF THE PROVINCIAL BUDGET OFFICER', 'PBO'),
(8, 'OFFICE OF THE PROVINCIAL ACCOUNTANT', 'ACC'),
(9, 'OFFICE OF THE PROVINCIAL POPULATION OFFICER', 'PPO'),
(10, 'OFFICE OF THE PROVINCIAL ENGINEER', 'PEO'),
(11, 'OFFICE OF THE PROVINCIAL INFORMATION & TOURISM OFFICER', 'PITO'),
(12, 'OFFICE OF THE PROVINCIAL SOCIAL WELFARE & DEVELOPMENT OFFICER', 'PSWDO'),
(13, 'OFFICE OF THE PROVINCIAL PLANNING & DEVELOPMENT COORDINATOR', 'PPDC'),
(14, 'OFFICE OF THE PROVINCIAL GENERAL SERVICES OFFICER', 'PGSO'),
(15, 'OFFICE OF THE PROVINCIAL VETERINARIAN', 'VET'),
(16, 'OFFICE OF THE PROVINCIAL AGRICULTURIST', 'OPAG'),
(17, 'OFFICE OF THE PROVINCIAL LEGAL OFFICER', 'PLO'),
(18, 'Office of the Provincial Health Officer', 'PHO'),
(19, 'BACNOTAN DISTRICT HOSPITAL', 'BAC. DH'),
(20, 'BALAOAN DISTRICT HOSPITAL', 'BAL. DH'),
(21, 'CABA DISTRICT HOSPITAL', 'CDH'),
(22, 'NAGUILIAN DISTRICT HOSPITAL', 'NDH'),
(23, 'ROSARIO DISTRICT HOSPITAL', 'RDH'),
(24, 'OTHERS', 'OTH');

-- --------------------------------------------------------

--
-- Table structure for table `divisions`
--

CREATE TABLE `divisions` (
  `id` int(11) NOT NULL,
  `division` varchar(200) DEFAULT NULL,
  `shortname` varchar(50) DEFAULT NULL,
  `dept_id` int(11) DEFAULT NULL
) ENGINE=InnoDB DEFAULT CHARSET=latin1;

--
-- Dumping data for table `divisions`
--

INSERT INTO `divisions` (`id`, `division`, `shortname`, `dept_id`) VALUES
(1, 'Provincial Disaster Risk Reduction Management Council', 'PDRRMC', 1),
(2, 'Office of the Provincial Strategist', 'OPS', 1),
(3, 'Human Resource Management Division', 'HRMD', 1),
(4, 'Personal Staff', 'PS', 1),
(5, 'Information and Communication Technology Division', 'ICTD', 1),
(6, 'Security Services Division', 'SSD', 1),
(7, 'La Union Provincial Jail', 'LUPJ', 1),
(8, 'Administrative Division', 'AD', 6),
(9, 'Assessment Standards and Examination Division', 'ASED', 6),
(10, 'Property Valuation and Examination Division', 'PVAED', 6),
(11, 'Tax Mapping Division', 'TMD', 6),
(12, 'Assessment Records Management Division', 'ARMD', 6),
(13, 'Administrative Division', 'AD', 5),
(14, 'Local Treasury Operations Review Division', 'LTORD', 5),
(15, 'Revenue Operations Division', 'ROD', 5),
(16, 'Cash Receipts Division', 'CRD', 5),
(17, 'Field Supervision Division', 'FSD', 5),
(18, 'Cash Disbursement Division', 'CDD', 5),
(19, 'APT', 'APT', 5),
(20, 'Administrative Division', 'AD', 14),
(21, 'Building, Grounds and Parks Maintenance Division', 'BGAPMD', 14),
(22, 'Supply and Property Division', 'SAPD', 14),
(23, 'Administrative Division', 'AD', 8),
(24, 'Accountability Division', 'ACCD', 8),
(25, 'Internal Control Division', 'ICD', 8),
(26, 'Special Accounts Division', 'SAD', 8),
(27, 'Administrative Division', 'AD', 10),
(28, 'Planning and Programming Division', 'PAPD', 10),
(29, 'Construction Division', 'CD', 10),
(30, 'Maintenance Division', 'MD', 10),
(31, 'Quality Control Division', 'QCD', 10),
(32, 'Motorpool Division', 'MD', 10),
(33, 'Administrative Division', 'AD', 11),
(34, 'Library Division', 'LD', 11),
(35, 'Public Information Division', 'PID', 11),
(36, 'Radio and Communication Operations Division', 'RACOD', 11),
(37, 'Tourism Operations Division', 'TOD', 11),
(38, 'Administrative Division', 'AD', 7),
(39, 'Municipal Budget Division', 'MBD', 7),
(40, 'Provincial Division', 'PD', 7),
(41, 'PUBLIC EMPLOYMENT & SERVICE OFFICE', 'PESO', 12),
(42, 'CHILD DEVELOPMENT WORKERS', 'CDW', 12),
(43, 'CONTRACT OF SERVICE', 'COS', 1),
(44, 'BID AND AWARDS COMMITTEE', 'BAC', 1),
(45, 'ENVIRONMENT AND NATURAL RESOURCES OFFICE', 'ENRO', 1),
(46, '911', 'OPG-911 EMERGENCY HOTLINE', 1);

-- --------------------------------------------------------

--
-- Table structure for table `documents`
--

CREATE TABLE `documents` (
  `id` int(50) NOT NULL,
  `user_id` int(50) DEFAULT NULL,
  `doc_name` varchar(350) DEFAULT NULL,
  `barcode` varchar(500) DEFAULT NULL,
  `origin` int(11) DEFAULT NULL,
  `other_origin` varchar(500) DEFAULT NULL,
  `document_date` datetime NOT NULL DEFAULT CURRENT_TIMESTAMP,
  `document_transaction_type` int(11) DEFAULT NULL,
  `doc_type` int(11) DEFAULT NULL,
  `communication` int(11) DEFAULT NULL,
  `doc_action` varchar(20) DEFAULT NULL,
  `dt_add_params` longtext,
  `remarks` varchar(50) DEFAULT NULL,
  `is_rush` tinyint(4) NOT NULL DEFAULT '0',
  `update_log` datetime DEFAULT NULL
) ENGINE=InnoDB DEFAULT CHARSET=latin1;

--
-- Dumping data for table `documents`
--

INSERT INTO `documents` (`id`, `user_id`, `doc_name`, `barcode`, `origin`, `other_origin`, `document_date`, `document_transaction_type`, `doc_type`, `communication`, `doc_action`, `dt_add_params`, `remarks`, `is_rush`, `update_log`) VALUES
(1, 4, 'agsdgd', 'ICT-09-2019-00001', 26, NULL, '2019-09-10 16:58:03', 1, 1, 1, NULL, '[]', NULL, 0, NULL);

-- --------------------------------------------------------

--
-- Table structure for table `document_dt_add_params`
--

CREATE TABLE `document_dt_add_params` (
  `id` int(11) NOT NULL,
  `document_id` int(11) NOT NULL,
  `params` longtext NOT NULL
) ENGINE=InnoDB DEFAULT CHARSET=latin1;

-- --------------------------------------------------------

--
-- Table structure for table `document_types`
--

CREATE TABLE `document_types` (
  `id` int(11) NOT NULL,
  `document_type` varchar(500) DEFAULT NULL,
  `shortname` varchar(150) DEFAULT NULL,
  `transaction_id` int(11) DEFAULT NULL
) ENGINE=InnoDB DEFAULT CHARSET=latin1;

--
-- Dumping data for table `document_types`
--

INSERT INTO `document_types` (`id`, `document_type`, `shortname`, `transaction_id`) VALUES
(1, 'LETTER', 'LET', 1),
(2, 'MEMO', 'MEM', 1),
(3, 'SP ENDORESEMENT', 'SE', 1),
(4, 'PROJECT PROPOSAL', 'PP', 1),
(5, 'TRAVEL AUTHORITY', 'TA', 1),
(6, 'CONTRACTS', 'CON', 1),
(7, 'LEAVE', 'LEA', 1),
(8, 'OVERTIME', 'OT', 1),
(9, 'EXECUTIVE ORDER', 'EO', 1),
(10, 'SPECIAL ORDER', 'SO', 1),
(11, 'ADMINISTRATIVE ORDER', 'AO', 1),
(12, 'MEMORANDUM ORDER', 'MO', 1),
(13, 'MEMORANDUM CIRCULAR', 'MC', 1),
(14, 'OTHER DOCUMENTS', 'OD', 1),
(15, 'RESOLUTIONS', 'RES', 1),
(16, 'APPOINTMENTS', 'APP', 1),
(17, 'TRAVEL ORDERS', 'TO', 1);

-- --------------------------------------------------------

--
-- Table structure for table `document_types_staffs`
--

CREATE TABLE `document_types_staffs` (
  `id` int(11) NOT NULL,
  `document_type` int(11) DEFAULT NULL,
  `staff_id` int(11) DEFAULT NULL
) ENGINE=InnoDB DEFAULT CHARSET=latin1;

-- --------------------------------------------------------

--
-- Table structure for table `files`
--

CREATE TABLE `files` (
  `id` int(11) NOT NULL,
  `document_id` int(11) DEFAULT NULL,
  `file_name` varchar(200) NOT NULL,
  `user_id` int(11) DEFAULT NULL,
  `initial_file` tinyint(4) NOT NULL DEFAULT '0'
) ENGINE=InnoDB DEFAULT CHARSET=latin1;

-- --------------------------------------------------------

--
-- Table structure for table `groups`
--

CREATE TABLE `groups` (
  `id` int(11) NOT NULL,
  `group_name` varchar(50) DEFAULT NULL,
  `group_description` varchar(50) DEFAULT NULL,
  `privileges` longtext
) ENGINE=InnoDB DEFAULT CHARSET=latin1;

--
-- Dumping data for table `groups`
--

INSERT INTO `groups` (`id`, `group_name`, `group_description`, `privileges`) VALUES
(1, 'Admin', 'Administrator', '225B7B5C2269645C223A5C2264617368626F6172645C222C5C226465736372697074696F6E5C223A5C2244617368626F6172645C222C5C2270726976696C656765735C223A5B7B5C2269645C223A312C5C226465736372697074696F6E5C223A5C2253686F772044617368626F6172645C222C5C2276616C75655C223A747275657D5D7D2C7B5C2269645C223A5C22726563656976655F646F63756D656E745C222C5C226465736372697074696F6E5C223A5C2241646420446F63756D656E745C222C5C2270726976696C656765735C223A5B7B5C2269645C223A312C5C226465736372697074696F6E5C223A5C2253686F772041646420446F63756D656E745C222C5C2276616C75655C223A747275657D2C7B5C2269645C223A322C5C226465736372697074696F6E5C223A5C2241646420446F63756D656E745C222C5C2276616C75655C223A747275657D5D7D2C7B5C2269645C223A5C22726563656976655C222C5C226465736372697074696F6E5C223A5C225265636569766520446F63756D656E745C222C5C2270726976696C656765735C223A5B7B5C2269645C223A312C5C226465736372697074696F6E5C223A5C2253686F77205265636569766520446F63756D656E745C222C5C2276616C75655C223A747275657D2C7B5C2269645C223A322C5C226465736372697074696F6E5C223A5C225265636569766520446F63756D656E745C222C5C2276616C75655C223A747275657D5D7D2C7B5C2269645C223A5C2266696C655F646F63756D656E745C222C5C226465736372697074696F6E5C223A5C2246696C6520446F63756D656E745C222C5C2270726976696C656765735C223A5B7B5C2269645C223A312C5C226465736372697074696F6E5C223A5C2253686F772046696C6520446F63756D656E745C222C5C2276616C75655C223A747275657D2C7B5C2269645C223A322C5C226465736372697074696F6E5C223A5C2246696C6520446F63756D656E745C222C5C2276616C75655C223A747275657D5D7D2C7B5C2269645C223A5C227570646174655F747261636B735C222C5C226465736372697074696F6E5C223A5C2255706461746520547261636B735C222C5C2270726976696C656765735C223A5B7B5C2269645C223A312C5C226465736372697074696F6E5C223A5C2253686F772055706461746520547261636B735C222C5C2276616C75655C223A747275657D2C7B5C2269645C223A322C5C226465736372697074696F6E5C223A5C225669657720446F63756D656E745C222C5C2276616C75655C223A747275657D2C7B5C2269645C223A332C5C226465736372697074696F6E5C223A5C2255706461746520446F63756D656E7420547261636B735C222C5C2276616C75655C223A747275657D2C7B5C2269645C223A342C5C226465736372697074696F6E5C223A5C225472616E73697420446F63756D656E745C222C5C2276616C75655C223A747275657D2C7B5C2269645C223A352C5C226465736372697074696F6E5C223A5C2252656C6561736520446F63756D656E745C222C5C2276616C75655C223A747275657D2C7B5C2269645C223A362C5C226465736372697074696F6E5C223A5C2241646420436F6D6D656E745C222C5C2276616C75655C223A747275657D2C7B5C2269645C223A372C5C226465736372697074696F6E5C223A5C22416464205265766973696F6E5C222C5C2276616C75655C223A747275657D2C7B5C2269645C223A382C5C226465736372697074696F6E5C223A5C2245646974205265766973696F6E5C222C5C2276616C75655C223A747275657D2C7B5C2269645C223A5C2264656C6574655F7265766973696F6E5C222C5C226465736372697074696F6E5C223A5C2244656C657465205265766973696F6E5C222C5C2276616C75655C223A747275657D5D7D2C7B5C2269645C223A5C22747261636B5F646F63756D656E745C222C5C226465736372697074696F6E5C223A5C22547261636B20446F63756D656E745C222C5C2270726976696C656765735C223A5B7B5C2269645C223A312C5C226465736372697074696F6E5C223A5C2253686F7720547261636B20446F63756D656E745C222C5C2276616C75655C223A747275657D2C7B5C2269645C223A322C5C226465736372697074696F6E5C223A5C22547261636B20446F63756D656E745C222C5C2276616C75655C223A747275657D5D7D2C7B5C2269645C223A5C22646F63756D656E74735C222C5C226465736372697074696F6E5C223A5C224C697374206F6620446F63756D656E74735C222C5C2270726976696C656765735C223A5B7B5C2269645C223A312C5C226465736372697074696F6E5C223A5C2253686F7720446F63756D656E74735C222C5C2276616C75655C223A747275657D2C7B5C2269645C223A322C5C226465736372697074696F6E5C223A5C225669657720446F63756D656E745C222C5C2276616C75655C223A747275657D2C7B5C2269645C223A332C5C226465736372697074696F6E5C223A5C224564697420446F63756D656E745C222C5C2276616C75655C223A747275657D2C7B5C2269645C223A5C2264656C6574655F646F63756D656E745C222C5C226465736372697074696F6E5C223A5C2244656C65746520446F63756D656E745C222C5C2276616C75655C223A747275657D5D7D2C7B5C2269645C223A5C226163636F756E74735C222C5C226465736372697074696F6E5C223A5C224163636F756E74735C222C5C2270726976696C656765735C223A5B7B5C2269645C223A312C5C226465736372697074696F6E5C223A5C2253686F772055736572204163636F756E74735C222C5C2276616C75655C223A747275657D2C7B5C2269645C223A322C5C226465736372697074696F6E5C223A5C224164642055736572204163636F756E745C222C5C2276616C75655C223A747275657D2C7B5C2269645C223A332C5C226465736372697074696F6E5C223A5C22456469742055736572204163636F756E745C222C5C2276616C75655C223A747275657D2C7B5C2269645C223A5C2264656C6574655F6163636F756E745C222C5C226465736372697074696F6E5C223A5C2244656C6574652055736572204163636F756E745C222C5C2276616C75655C223A747275657D5D7D2C7B5C2269645C223A5C2267726F7570735C222C5C226465736372697074696F6E5C223A5C2247726F7570735C222C5C2270726976696C656765735C223A5B7B5C2269645C223A312C5C226465736372697074696F6E5C223A5C2253686F7720557365722047726F7570735C222C5C2276616C75655C223A747275657D2C7B5C2269645C223A322C5C226465736372697074696F6E5C223A5C2241646420557365722047726F7570735C222C5C2276616C75655C223A747275657D2C7B5C2269645C223A332C5C226465736372697074696F6E5C223A5C224564697420557365722047726F7570735C222C5C2276616C75655C223A747275657D2C7B5C2269645C223A5C2264656C6574655F67726F75705C222C5C226465736372697074696F6E5C223A5C2244656C65746520557365722047726F7570735C222C5C2276616C75655C223A747275657D5D7D2C7B5C2269645C223A5C226D61696E74656E616E63655C222C5C226465736372697074696F6E5C223A5C224D61696E74656E616E63655C222C5C2270726976696C656765735C223A5B7B5C2269645C223A312C5C226465736372697074696F6E5C223A5C2253686F77204D61696E74656E616E63655C222C5C2276616C75655C223A747275657D2C7B5C2269645C223A322C5C226465736372697074696F6E5C223A5C224164645C5C5C2F45646974204974656D5C222C5C2276616C75655C223A747275657D2C7B5C2269645C223A5C2264656C6574655F6974656D5C222C5C226465736372697074696F6E5C223A5C2244656C657465204974656D5C222C5C2276616C75655C223A747275657D5D7D2C7B5C2269645C223A5C226E6F74696669636174696F6E735C222C5C226465736372697074696F6E5C223A5C224E6F74696669636174696F6E735C222C5C2270726976696C656765735C223A5B7B5C2269645C223A312C5C226465736372697074696F6E5C223A5C22456E61626C65204E6F74696669636174696F6E735C222C5C2276616C75655C223A747275657D5D7D5D22'),
(2, 'PA', 'Provincial Administrator', '225B7B5C2269645C223A5C2264617368626F6172645C222C5C226465736372697074696F6E5C223A5C2244617368626F6172645C222C5C2270726976696C656765735C223A5B7B5C2269645C223A312C5C226465736372697074696F6E5C223A5C2253686F772044617368626F6172645C222C5C2276616C75655C223A747275657D5D7D2C7B5C2269645C223A5C22726563656976655F646F63756D656E745C222C5C226465736372697074696F6E5C223A5C2241646420446F63756D656E745C222C5C2270726976696C656765735C223A5B7B5C2269645C223A312C5C226465736372697074696F6E5C223A5C2253686F772041646420446F63756D656E745C222C5C2276616C75655C223A66616C73657D2C7B5C2269645C223A322C5C226465736372697074696F6E5C223A5C2241646420446F63756D656E745C222C5C2276616C75655C223A66616C73657D5D7D2C7B5C2269645C223A5C22726563656976655C222C5C226465736372697074696F6E5C223A5C225265636569766520446F63756D656E745C222C5C2270726976696C656765735C223A5B7B5C2269645C223A312C5C226465736372697074696F6E5C223A5C2253686F77205265636569766520446F63756D656E745C222C5C2276616C75655C223A66616C73657D2C7B5C2269645C223A322C5C226465736372697074696F6E5C223A5C225265636569766520446F63756D656E745C222C5C2276616C75655C223A66616C73657D5D7D2C7B5C2269645C223A5C227570646174655F747261636B735C222C5C226465736372697074696F6E5C223A5C2255706461746520547261636B735C222C5C2270726976696C656765735C223A5B7B5C2269645C223A312C5C226465736372697074696F6E5C223A5C2253686F772055706461746520547261636B735C222C5C2276616C75655C223A66616C73657D2C7B5C2269645C223A322C5C226465736372697074696F6E5C223A5C225669657720446F63756D656E745C222C5C2276616C75655C223A66616C73657D2C7B5C2269645C223A332C5C226465736372697074696F6E5C223A5C2255706461746520446F63756D656E7420547261636B735C222C5C2276616C75655C223A66616C73657D2C7B5C2269645C223A342C5C226465736372697074696F6E5C223A5C225472616E73697420446F63756D656E745C222C5C2276616C75655C223A66616C73657D5D7D2C7B5C2269645C223A5C22747261636B5F646F63756D656E745C222C5C226465736372697074696F6E5C223A5C22547261636B20446F63756D656E745C222C5C2270726976696C656765735C223A5B7B5C2269645C223A312C5C226465736372697074696F6E5C223A5C2253686F7720547261636B20446F63756D656E745C222C5C2276616C75655C223A747275657D2C7B5C2269645C223A322C5C226465736372697074696F6E5C223A5C22547261636B20446F63756D656E745C222C5C2276616C75655C223A747275657D5D7D2C7B5C2269645C223A5C22646F63756D656E74735C222C5C226465736372697074696F6E5C223A5C224C697374206F6620446F63756D656E74735C222C5C2270726976696C656765735C223A5B7B5C2269645C223A312C5C226465736372697074696F6E5C223A5C2253686F7720446F63756D656E74735C222C5C2276616C75655C223A747275657D2C7B5C2269645C223A322C5C226465736372697074696F6E5C223A5C225669657720446F63756D656E745C222C5C2276616C75655C223A747275657D2C7B5C2269645C223A332C5C226465736372697074696F6E5C223A5C224564697420446F63756D656E745C222C5C2276616C75655C223A747275657D2C7B5C2269645C223A5C2264656C6574655F646F63756D656E745C222C5C226465736372697074696F6E5C223A5C2244656C65746520446F63756D656E745C222C5C2276616C75655C223A66616C73657D5D7D2C7B5C2269645C223A5C226163636F756E74735C222C5C226465736372697074696F6E5C223A5C224163636F756E74735C222C5C2270726976696C656765735C223A5B7B5C2269645C223A312C5C226465736372697074696F6E5C223A5C2253686F772055736572204163636F756E74735C222C5C2276616C75655C223A66616C73657D2C7B5C2269645C223A322C5C226465736372697074696F6E5C223A5C224164642055736572204163636F756E745C222C5C2276616C75655C223A66616C73657D2C7B5C2269645C223A332C5C226465736372697074696F6E5C223A5C22456469742055736572204163636F756E745C222C5C2276616C75655C223A66616C73657D2C7B5C2269645C223A5C2264656C6574655F6163636F756E745C222C5C226465736372697074696F6E5C223A5C2244656C6574652055736572204163636F756E745C222C5C2276616C75655C223A66616C73657D5D7D2C7B5C2269645C223A5C2267726F7570735C222C5C226465736372697074696F6E5C223A5C2247726F7570735C222C5C2270726976696C656765735C223A5B7B5C2269645C223A312C5C226465736372697074696F6E5C223A5C2253686F7720557365722047726F7570735C222C5C2276616C75655C223A66616C73657D2C7B5C2269645C223A322C5C226465736372697074696F6E5C223A5C2241646420557365722047726F7570735C222C5C2276616C75655C223A66616C73657D2C7B5C2269645C223A332C5C226465736372697074696F6E5C223A5C224564697420557365722047726F7570735C222C5C2276616C75655C223A66616C73657D2C7B5C2269645C223A5C2264656C6574655F67726F75705C222C5C226465736372697074696F6E5C223A5C2244656C65746520557365722047726F7570735C222C5C2276616C75655C223A66616C73657D5D7D2C7B5C2269645C223A5C226D61696E74656E616E63655C222C5C226465736372697074696F6E5C223A5C224D61696E74656E616E63655C222C5C2270726976696C656765735C223A5B7B5C2269645C223A312C5C226465736372697074696F6E5C223A5C2253686F77204D61696E74656E616E63655C222C5C2276616C75655C223A66616C73657D2C7B5C2269645C223A322C5C226465736372697074696F6E5C223A5C224164645C5C5C2F45646974204974656D5C222C5C2276616C75655C223A66616C73657D2C7B5C2269645C223A5C2264656C6574655F6974656D5C222C5C226465736372697074696F6E5C223A5C2244656C657465204974656D5C222C5C2276616C75655C223A66616C73657D5D7D2C7B5C2269645C223A5C226E6F74696669636174696F6E735C222C5C226465736372697074696F6E5C223A5C224E6F74696669636174696F6E735C222C5C2270726976696C656765735C223A5B7B5C2269645C223A312C5C226465736372697074696F6E5C223A5C22456E61626C65204E6F74696669636174696F6E735C222C5C2276616C75655C223A747275657D5D7D5D22'),
(3, 'PA Staffs', 'Provincial Administrator Staffs', '225B7B5C2269645C223A5C2264617368626F6172645C222C5C226465736372697074696F6E5C223A5C2244617368626F6172645C222C5C2270726976696C656765735C223A5B7B5C2269645C223A312C5C226465736372697074696F6E5C223A5C2253686F772044617368626F6172645C222C5C2276616C75655C223A747275657D5D7D2C7B5C2269645C223A5C22726563656976655F646F63756D656E745C222C5C226465736372697074696F6E5C223A5C2241646420446F63756D656E745C222C5C2270726976696C656765735C223A5B7B5C2269645C223A312C5C226465736372697074696F6E5C223A5C2253686F772041646420446F63756D656E745C222C5C2276616C75655C223A747275657D2C7B5C2269645C223A322C5C226465736372697074696F6E5C223A5C2241646420446F63756D656E745C222C5C2276616C75655C223A747275657D5D7D2C7B5C2269645C223A5C22726563656976655C222C5C226465736372697074696F6E5C223A5C225265636569766520446F63756D656E745C222C5C2270726976696C656765735C223A5B7B5C2269645C223A312C5C226465736372697074696F6E5C223A5C2253686F77205265636569766520446F63756D656E745C222C5C2276616C75655C223A747275657D2C7B5C2269645C223A322C5C226465736372697074696F6E5C223A5C225265636569766520446F63756D656E745C222C5C2276616C75655C223A747275657D5D7D2C7B5C2269645C223A5C2266696C655F646F63756D656E745C222C5C226465736372697074696F6E5C223A5C2246696C6520446F63756D656E745C222C5C2270726976696C656765735C223A5B7B5C2269645C223A312C5C226465736372697074696F6E5C223A5C2253686F772046696C6520446F63756D656E745C222C5C2276616C75655C223A747275657D2C7B5C2269645C223A322C5C226465736372697074696F6E5C223A5C2246696C6520446F63756D656E745C222C5C2276616C75655C223A747275657D5D7D2C7B5C2269645C223A5C227570646174655F747261636B735C222C5C226465736372697074696F6E5C223A5C2255706461746520547261636B735C222C5C2270726976696C656765735C223A5B7B5C2269645C223A312C5C226465736372697074696F6E5C223A5C2253686F772055706461746520547261636B735C222C5C2276616C75655C223A747275657D2C7B5C2269645C223A322C5C226465736372697074696F6E5C223A5C225669657720446F63756D656E745C222C5C2276616C75655C223A747275657D2C7B5C2269645C223A332C5C226465736372697074696F6E5C223A5C2255706461746520446F63756D656E7420547261636B735C222C5C2276616C75655C223A747275657D2C7B5C2269645C223A342C5C226465736372697074696F6E5C223A5C225472616E73697420446F63756D656E745C222C5C2276616C75655C223A747275657D2C7B5C2269645C223A352C5C226465736372697074696F6E5C223A5C2252656C6561736520446F63756D656E745C222C5C2276616C75655C223A747275657D2C7B5C2269645C223A362C5C226465736372697074696F6E5C223A5C2241646420436F6D6D656E745C222C5C2276616C75655C223A747275657D2C7B5C2269645C223A372C5C226465736372697074696F6E5C223A5C22416464205265766973696F6E5C222C5C2276616C75655C223A747275657D2C7B5C2269645C223A382C5C226465736372697074696F6E5C223A5C2245646974205265766973696F6E5C222C5C2276616C75655C223A747275657D2C7B5C2269645C223A5C2264656C6574655F7265766973696F6E5C222C5C226465736372697074696F6E5C223A5C2244656C657465205265766973696F6E5C222C5C2276616C75655C223A747275657D5D7D2C7B5C2269645C223A5C22747261636B5F646F63756D656E745C222C5C226465736372697074696F6E5C223A5C22547261636B20446F63756D656E745C222C5C2270726976696C656765735C223A5B7B5C2269645C223A312C5C226465736372697074696F6E5C223A5C2253686F7720547261636B20446F63756D656E745C222C5C2276616C75655C223A747275657D2C7B5C2269645C223A322C5C226465736372697074696F6E5C223A5C22547261636B20446F63756D656E745C222C5C2276616C75655C223A747275657D5D7D2C7B5C2269645C223A5C22646F63756D656E74735C222C5C226465736372697074696F6E5C223A5C224C697374206F6620446F63756D656E74735C222C5C2270726976696C656765735C223A5B7B5C2269645C223A312C5C226465736372697074696F6E5C223A5C2253686F7720446F63756D656E74735C222C5C2276616C75655C223A747275657D2C7B5C2269645C223A322C5C226465736372697074696F6E5C223A5C225669657720446F63756D656E745C222C5C2276616C75655C223A747275657D2C7B5C2269645C223A332C5C226465736372697074696F6E5C223A5C224564697420446F63756D656E745C222C5C2276616C75655C223A747275657D2C7B5C2269645C223A5C2264656C6574655F646F63756D656E745C222C5C226465736372697074696F6E5C223A5C2244656C65746520446F63756D656E745C222C5C2276616C75655C223A747275657D5D7D2C7B5C2269645C223A5C226163636F756E74735C222C5C226465736372697074696F6E5C223A5C224163636F756E74735C222C5C2270726976696C656765735C223A5B7B5C2269645C223A312C5C226465736372697074696F6E5C223A5C2253686F772055736572204163636F756E74735C222C5C2276616C75655C223A747275657D2C7B5C2269645C223A322C5C226465736372697074696F6E5C223A5C224164642055736572204163636F756E745C222C5C2276616C75655C223A747275657D2C7B5C2269645C223A332C5C226465736372697074696F6E5C223A5C22456469742055736572204163636F756E745C222C5C2276616C75655C223A747275657D2C7B5C2269645C223A5C2264656C6574655F6163636F756E745C222C5C226465736372697074696F6E5C223A5C2244656C6574652055736572204163636F756E745C222C5C2276616C75655C223A747275657D5D7D2C7B5C2269645C223A5C2267726F7570735C222C5C226465736372697074696F6E5C223A5C2247726F7570735C222C5C2270726976696C656765735C223A5B7B5C2269645C223A312C5C226465736372697074696F6E5C223A5C2253686F7720557365722047726F7570735C222C5C2276616C75655C223A66616C73657D2C7B5C2269645C223A322C5C226465736372697074696F6E5C223A5C2241646420557365722047726F7570735C222C5C2276616C75655C223A66616C73657D2C7B5C2269645C223A332C5C226465736372697074696F6E5C223A5C224564697420557365722047726F7570735C222C5C2276616C75655C223A66616C73657D2C7B5C2269645C223A5C2264656C6574655F67726F75705C222C5C226465736372697074696F6E5C223A5C2244656C65746520557365722047726F7570735C222C5C2276616C75655C223A66616C73657D5D7D2C7B5C2269645C223A5C226D61696E74656E616E63655C222C5C226465736372697074696F6E5C223A5C224D61696E74656E616E63655C222C5C2270726976696C656765735C223A5B7B5C2269645C223A312C5C226465736372697074696F6E5C223A5C2253686F77204D61696E74656E616E63655C222C5C2276616C75655C223A747275657D2C7B5C2269645C223A322C5C226465736372697074696F6E5C223A5C224164645C5C5C2F45646974204974656D5C222C5C2276616C75655C223A747275657D2C7B5C2269645C223A5C2264656C6574655F6974656D5C222C5C226465736372697074696F6E5C223A5C2244656C657465204974656D5C222C5C2276616C75655C223A66616C73657D5D7D2C7B5C2269645C223A5C226E6F74696669636174696F6E735C222C5C226465736372697074696F6E5C223A5C224E6F74696669636174696F6E735C222C5C2270726976696C656765735C223A5B7B5C2269645C223A312C5C226465736372697074696F6E5C223A5C22456E61626C65204E6F74696669636174696F6E735C222C5C2276616C75655C223A66616C73657D5D7D5D22'),
(4, 'Liason Officers', 'Receive Incoming Documents', '225B7B5C2269645C223A5C2264617368626F6172645C222C5C226465736372697074696F6E5C223A5C2244617368626F6172645C222C5C2270726976696C656765735C223A5B7B5C2269645C223A312C5C226465736372697074696F6E5C223A5C2253686F772044617368626F6172645C222C5C2276616C75655C223A747275657D5D7D2C7B5C2269645C223A5C22726563656976655F646F63756D656E745C222C5C226465736372697074696F6E5C223A5C2241646420446F63756D656E745C222C5C2270726976696C656765735C223A5B7B5C2269645C223A312C5C226465736372697074696F6E5C223A5C2253686F772041646420446F63756D656E745C222C5C2276616C75655C223A66616C73657D2C7B5C2269645C223A322C5C226465736372697074696F6E5C223A5C2241646420446F63756D656E745C222C5C2276616C75655C223A66616C73657D5D7D2C7B5C2269645C223A5C22726563656976655C222C5C226465736372697074696F6E5C223A5C225265636569766520446F63756D656E745C222C5C2270726976696C656765735C223A5B7B5C2269645C223A312C5C226465736372697074696F6E5C223A5C2253686F77205265636569766520446F63756D656E745C222C5C2276616C75655C223A747275657D2C7B5C2269645C223A322C5C226465736372697074696F6E5C223A5C225265636569766520446F63756D656E745C222C5C2276616C75655C223A747275657D5D7D2C7B5C2269645C223A5C2266696C655F646F63756D656E745C222C5C226465736372697074696F6E5C223A5C2246696C6520446F63756D656E745C222C5C2270726976696C656765735C223A5B7B5C2269645C223A312C5C226465736372697074696F6E5C223A5C2253686F772046696C6520446F63756D656E745C222C5C2276616C75655C223A747275657D2C7B5C2269645C223A322C5C226465736372697074696F6E5C223A5C2246696C6520446F63756D656E745C222C5C2276616C75655C223A747275657D5D7D2C7B5C2269645C223A5C227570646174655F747261636B735C222C5C226465736372697074696F6E5C223A5C2255706461746520547261636B735C222C5C2270726976696C656765735C223A5B7B5C2269645C223A312C5C226465736372697074696F6E5C223A5C2253686F772055706461746520547261636B735C222C5C2276616C75655C223A747275657D2C7B5C2269645C223A322C5C226465736372697074696F6E5C223A5C225669657720446F63756D656E745C222C5C2276616C75655C223A747275657D2C7B5C2269645C223A332C5C226465736372697074696F6E5C223A5C2255706461746520446F63756D656E7420547261636B735C222C5C2276616C75655C223A747275657D2C7B5C2269645C223A342C5C226465736372697074696F6E5C223A5C225472616E73697420446F63756D656E745C222C5C2276616C75655C223A747275657D2C7B5C2269645C223A352C5C226465736372697074696F6E5C223A5C2252656C6561736520446F63756D656E745C222C5C2276616C75655C223A66616C73657D5D7D2C7B5C2269645C223A5C22747261636B5F646F63756D656E745C222C5C226465736372697074696F6E5C223A5C22547261636B20446F63756D656E745C222C5C2270726976696C656765735C223A5B7B5C2269645C223A312C5C226465736372697074696F6E5C223A5C2253686F7720547261636B20446F63756D656E745C222C5C2276616C75655C223A747275657D2C7B5C2269645C223A322C5C226465736372697074696F6E5C223A5C22547261636B20446F63756D656E745C222C5C2276616C75655C223A747275657D5D7D2C7B5C2269645C223A5C22646F63756D656E74735C222C5C226465736372697074696F6E5C223A5C224C697374206F6620446F63756D656E74735C222C5C2270726976696C656765735C223A5B7B5C2269645C223A312C5C226465736372697074696F6E5C223A5C2253686F7720446F63756D656E74735C222C5C2276616C75655C223A66616C73657D2C7B5C2269645C223A322C5C226465736372697074696F6E5C223A5C225669657720446F63756D656E745C222C5C2276616C75655C223A66616C73657D2C7B5C2269645C223A332C5C226465736372697074696F6E5C223A5C224564697420446F63756D656E745C222C5C2276616C75655C223A66616C73657D2C7B5C2269645C223A5C2264656C6574655F646F63756D656E745C222C5C226465736372697074696F6E5C223A5C2244656C65746520446F63756D656E745C222C5C2276616C75655C223A66616C73657D5D7D2C7B5C2269645C223A5C226163636F756E74735C222C5C226465736372697074696F6E5C223A5C224163636F756E74735C222C5C2270726976696C656765735C223A5B7B5C2269645C223A312C5C226465736372697074696F6E5C223A5C2253686F772055736572204163636F756E74735C222C5C2276616C75655C223A66616C73657D2C7B5C2269645C223A322C5C226465736372697074696F6E5C223A5C224164642055736572204163636F756E745C222C5C2276616C75655C223A66616C73657D2C7B5C2269645C223A332C5C226465736372697074696F6E5C223A5C22456469742055736572204163636F756E745C222C5C2276616C75655C223A66616C73657D2C7B5C2269645C223A5C2264656C6574655F6163636F756E745C222C5C226465736372697074696F6E5C223A5C2244656C6574652055736572204163636F756E745C222C5C2276616C75655C223A66616C73657D5D7D2C7B5C2269645C223A5C2267726F7570735C222C5C226465736372697074696F6E5C223A5C2247726F7570735C222C5C2270726976696C656765735C223A5B7B5C2269645C223A312C5C226465736372697074696F6E5C223A5C2253686F7720557365722047726F7570735C222C5C2276616C75655C223A66616C73657D2C7B5C2269645C223A322C5C226465736372697074696F6E5C223A5C2241646420557365722047726F7570735C222C5C2276616C75655C223A66616C73657D2C7B5C2269645C223A332C5C226465736372697074696F6E5C223A5C224564697420557365722047726F7570735C222C5C2276616C75655C223A66616C73657D2C7B5C2269645C223A5C2264656C6574655F67726F75705C222C5C226465736372697074696F6E5C223A5C2244656C65746520557365722047726F7570735C222C5C2276616C75655C223A66616C73657D5D7D2C7B5C2269645C223A5C226D61696E74656E616E63655C222C5C226465736372697074696F6E5C223A5C224D61696E74656E616E63655C222C5C2270726976696C656765735C223A5B7B5C2269645C223A312C5C226465736372697074696F6E5C223A5C2253686F77204D61696E74656E616E63655C222C5C2276616C75655C223A66616C73657D2C7B5C2269645C223A322C5C226465736372697074696F6E5C223A5C224164645C5C5C2F45646974204974656D5C222C5C2276616C75655C223A66616C73657D2C7B5C2269645C223A5C2264656C6574655F6974656D5C222C5C226465736372697074696F6E5C223A5C2244656C657465204974656D5C222C5C2276616C75655C223A66616C73657D5D7D2C7B5C2269645C223A5C226E6F74696669636174696F6E735C222C5C226465736372697074696F6E5C223A5C224E6F74696669636174696F6E735C222C5C2270726976696C656765735C223A5B7B5C2269645C223A312C5C226465736372697074696F6E5C223A5C22456E61626C65204E6F74696669636174696F6E735C222C5C2276616C75655C223A747275657D5D7D5D22'),
(5, 'Governor', 'Provincial Governor', '225B7B5C2269645C223A5C2264617368626F6172645C222C5C226465736372697074696F6E5C223A5C2244617368626F6172645C222C5C2270726976696C656765735C223A5B7B5C2269645C223A312C5C226465736372697074696F6E5C223A5C2253686F772044617368626F6172645C222C5C2276616C75655C223A747275657D5D7D2C7B5C2269645C223A5C22726563656976655F646F63756D656E745C222C5C226465736372697074696F6E5C223A5C2241646420446F63756D656E745C222C5C2270726976696C656765735C223A5B7B5C2269645C223A312C5C226465736372697074696F6E5C223A5C2253686F772041646420446F63756D656E745C222C5C2276616C75655C223A66616C73657D2C7B5C2269645C223A322C5C226465736372697074696F6E5C223A5C2241646420446F63756D656E745C222C5C2276616C75655C223A66616C73657D5D7D2C7B5C2269645C223A5C22726563656976655C222C5C226465736372697074696F6E5C223A5C225265636569766520446F63756D656E745C222C5C2270726976696C656765735C223A5B7B5C2269645C223A312C5C226465736372697074696F6E5C223A5C2253686F77205265636569766520446F63756D656E745C222C5C2276616C75655C223A66616C73657D2C7B5C2269645C223A322C5C226465736372697074696F6E5C223A5C225265636569766520446F63756D656E745C222C5C2276616C75655C223A66616C73657D5D7D2C7B5C2269645C223A5C227570646174655F747261636B735C222C5C226465736372697074696F6E5C223A5C2255706461746520547261636B735C222C5C2270726976696C656765735C223A5B7B5C2269645C223A312C5C226465736372697074696F6E5C223A5C2253686F772055706461746520547261636B735C222C5C2276616C75655C223A66616C73657D2C7B5C2269645C223A322C5C226465736372697074696F6E5C223A5C225669657720446F63756D656E745C222C5C2276616C75655C223A66616C73657D2C7B5C2269645C223A332C5C226465736372697074696F6E5C223A5C2255706461746520446F63756D656E7420547261636B735C222C5C2276616C75655C223A66616C73657D2C7B5C2269645C223A342C5C226465736372697074696F6E5C223A5C225472616E73697420446F63756D656E745C222C5C2276616C75655C223A66616C73657D5D7D2C7B5C2269645C223A5C22747261636B5F646F63756D656E745C222C5C226465736372697074696F6E5C223A5C22547261636B20446F63756D656E745C222C5C2270726976696C656765735C223A5B7B5C2269645C223A312C5C226465736372697074696F6E5C223A5C2253686F7720547261636B20446F63756D656E745C222C5C2276616C75655C223A747275657D2C7B5C2269645C223A322C5C226465736372697074696F6E5C223A5C22547261636B20446F63756D656E745C222C5C2276616C75655C223A747275657D5D7D2C7B5C2269645C223A5C22646F63756D656E74735C222C5C226465736372697074696F6E5C223A5C224C697374206F6620446F63756D656E74735C222C5C2270726976696C656765735C223A5B7B5C2269645C223A312C5C226465736372697074696F6E5C223A5C2253686F7720446F63756D656E74735C222C5C2276616C75655C223A747275657D2C7B5C2269645C223A322C5C226465736372697074696F6E5C223A5C225669657720446F63756D656E745C222C5C2276616C75655C223A747275657D2C7B5C2269645C223A332C5C226465736372697074696F6E5C223A5C224564697420446F63756D656E745C222C5C2276616C75655C223A747275657D2C7B5C2269645C223A5C2264656C6574655F646F63756D656E745C222C5C226465736372697074696F6E5C223A5C2244656C65746520446F63756D656E745C222C5C2276616C75655C223A66616C73657D5D7D2C7B5C2269645C223A5C226163636F756E74735C222C5C226465736372697074696F6E5C223A5C224163636F756E74735C222C5C2270726976696C656765735C223A5B7B5C2269645C223A312C5C226465736372697074696F6E5C223A5C2253686F772055736572204163636F756E74735C222C5C2276616C75655C223A66616C73657D2C7B5C2269645C223A322C5C226465736372697074696F6E5C223A5C224164642055736572204163636F756E745C222C5C2276616C75655C223A66616C73657D2C7B5C2269645C223A332C5C226465736372697074696F6E5C223A5C22456469742055736572204163636F756E745C222C5C2276616C75655C223A66616C73657D2C7B5C2269645C223A5C2264656C6574655F6163636F756E745C222C5C226465736372697074696F6E5C223A5C2244656C6574652055736572204163636F756E745C222C5C2276616C75655C223A66616C73657D5D7D2C7B5C2269645C223A5C2267726F7570735C222C5C226465736372697074696F6E5C223A5C2247726F7570735C222C5C2270726976696C656765735C223A5B7B5C2269645C223A312C5C226465736372697074696F6E5C223A5C2253686F7720557365722047726F7570735C222C5C2276616C75655C223A66616C73657D2C7B5C2269645C223A322C5C226465736372697074696F6E5C223A5C2241646420557365722047726F7570735C222C5C2276616C75655C223A66616C73657D2C7B5C2269645C223A332C5C226465736372697074696F6E5C223A5C224564697420557365722047726F7570735C222C5C2276616C75655C223A66616C73657D2C7B5C2269645C223A5C2264656C6574655F67726F75705C222C5C226465736372697074696F6E5C223A5C2244656C65746520557365722047726F7570735C222C5C2276616C75655C223A66616C73657D5D7D2C7B5C2269645C223A5C226D61696E74656E616E63655C222C5C226465736372697074696F6E5C223A5C224D61696E74656E616E63655C222C5C2270726976696C656765735C223A5B7B5C2269645C223A312C5C226465736372697074696F6E5C223A5C2253686F77204D61696E74656E616E63655C222C5C2276616C75655C223A66616C73657D2C7B5C2269645C223A322C5C226465736372697074696F6E5C223A5C224164645C5C5C2F45646974204974656D5C222C5C2276616C75655C223A66616C73657D2C7B5C2269645C223A5C2264656C6574655F6974656D5C222C5C226465736372697074696F6E5C223A5C2244656C657465204974656D5C222C5C2276616C75655C223A66616C73657D5D7D2C7B5C2269645C223A5C226E6F74696669636174696F6E735C222C5C226465736372697074696F6E5C223A5C224E6F74696669636174696F6E735C222C5C2270726976696C656765735C223A5B7B5C2269645C223A312C5C226465736372697074696F6E5C223A5C22456E61626C65204E6F74696669636174696F6E735C222C5C2276616C75655C223A66616C73657D5D7D5D22'),
(6, 'AO', 'Administrative Officers', '225B7B5C2269645C223A5C2264617368626F6172645C222C5C226465736372697074696F6E5C223A5C2244617368626F6172645C222C5C2270726976696C656765735C223A5B7B5C2269645C223A312C5C226465736372697074696F6E5C223A5C2253686F772044617368626F6172645C222C5C2276616C75655C223A747275657D5D7D2C7B5C2269645C223A5C22726563656976655F646F63756D656E745C222C5C226465736372697074696F6E5C223A5C2241646420446F63756D656E745C222C5C2270726976696C656765735C223A5B7B5C2269645C223A312C5C226465736372697074696F6E5C223A5C2253686F772041646420446F63756D656E745C222C5C2276616C75655C223A66616C73657D2C7B5C2269645C223A322C5C226465736372697074696F6E5C223A5C2241646420446F63756D656E745C222C5C2276616C75655C223A66616C73657D5D7D2C7B5C2269645C223A5C22726563656976655C222C5C226465736372697074696F6E5C223A5C225265636569766520446F63756D656E745C222C5C2270726976696C656765735C223A5B7B5C2269645C223A312C5C226465736372697074696F6E5C223A5C2253686F77205265636569766520446F63756D656E745C222C5C2276616C75655C223A747275657D2C7B5C2269645C223A322C5C226465736372697074696F6E5C223A5C225265636569766520446F63756D656E745C222C5C2276616C75655C223A747275657D5D7D2C7B5C2269645C223A5C227570646174655F747261636B735C222C5C226465736372697074696F6E5C223A5C2255706461746520547261636B735C222C5C2270726976696C656765735C223A5B7B5C2269645C223A312C5C226465736372697074696F6E5C223A5C2253686F772055706461746520547261636B735C222C5C2276616C75655C223A747275657D2C7B5C2269645C223A322C5C226465736372697074696F6E5C223A5C225669657720446F63756D656E745C222C5C2276616C75655C223A747275657D2C7B5C2269645C223A332C5C226465736372697074696F6E5C223A5C2255706461746520446F63756D656E7420547261636B735C222C5C2276616C75655C223A747275657D2C7B5C2269645C223A342C5C226465736372697074696F6E5C223A5C225472616E73697420446F63756D656E745C222C5C2276616C75655C223A747275657D5D7D2C7B5C2269645C223A5C22747261636B5F646F63756D656E745C222C5C226465736372697074696F6E5C223A5C22547261636B20446F63756D656E745C222C5C2270726976696C656765735C223A5B7B5C2269645C223A312C5C226465736372697074696F6E5C223A5C2253686F7720547261636B20446F63756D656E745C222C5C2276616C75655C223A747275657D2C7B5C2269645C223A322C5C226465736372697074696F6E5C223A5C22547261636B20446F63756D656E745C222C5C2276616C75655C223A747275657D5D7D2C7B5C2269645C223A5C22646F63756D656E74735C222C5C226465736372697074696F6E5C223A5C224C697374206F6620446F63756D656E74735C222C5C2270726976696C656765735C223A5B7B5C2269645C223A312C5C226465736372697074696F6E5C223A5C2253686F7720446F63756D656E74735C222C5C2276616C75655C223A747275657D2C7B5C2269645C223A322C5C226465736372697074696F6E5C223A5C225669657720446F63756D656E745C222C5C2276616C75655C223A747275657D2C7B5C2269645C223A332C5C226465736372697074696F6E5C223A5C224564697420446F63756D656E745C222C5C2276616C75655C223A747275657D2C7B5C2269645C223A342C5C226465736372697074696F6E5C223A5C2244656C65746520446F63756D656E745C222C5C2276616C75655C223A66616C73657D5D7D2C7B5C2269645C223A5C226163636F756E74735C222C5C226465736372697074696F6E5C223A5C224163636F756E74735C222C5C2270726976696C656765735C223A5B7B5C2269645C223A312C5C226465736372697074696F6E5C223A5C2253686F772055736572204163636F756E74735C222C5C2276616C75655C223A66616C73657D2C7B5C2269645C223A322C5C226465736372697074696F6E5C223A5C224164642055736572204163636F756E745C222C5C2276616C75655C223A66616C73657D2C7B5C2269645C223A332C5C226465736372697074696F6E5C223A5C22456469742055736572204163636F756E745C222C5C2276616C75655C223A66616C73657D2C7B5C2269645C223A342C5C226465736372697074696F6E5C223A5C2244656C6574652055736572204163636F756E745C222C5C2276616C75655C223A66616C73657D5D7D2C7B5C2269645C223A5C2267726F7570735C222C5C226465736372697074696F6E5C223A5C2247726F7570735C222C5C2270726976696C656765735C223A5B7B5C2269645C223A312C5C226465736372697074696F6E5C223A5C2253686F7720557365722047726F7570735C222C5C2276616C75655C223A66616C73657D2C7B5C2269645C223A322C5C226465736372697074696F6E5C223A5C2241646420557365722047726F7570735C222C5C2276616C75655C223A66616C73657D2C7B5C2269645C223A332C5C226465736372697074696F6E5C223A5C224564697420557365722047726F7570735C222C5C2276616C75655C223A66616C73657D2C7B5C2269645C223A342C5C226465736372697074696F6E5C223A5C2244656C65746520557365722047726F7570735C222C5C2276616C75655C223A66616C73657D5D7D2C7B5C2269645C223A5C226D61696E74656E616E63655C222C5C226465736372697074696F6E5C223A5C224D61696E74656E616E63655C222C5C2270726976696C656765735C223A5B7B5C2269645C223A312C5C226465736372697074696F6E5C223A5C2253686F77204D61696E74656E616E63655C222C5C2276616C75655C223A66616C73657D2C7B5C2269645C223A322C5C226465736372697074696F6E5C223A5C224164645C5C5C2F45646974204974656D5C222C5C2276616C75655C223A66616C73657D2C7B5C2269645C223A332C5C226465736372697074696F6E5C223A5C2244656C657465204974656D5C222C5C2276616C75655C223A66616C73657D5D7D2C7B5C2269645C223A5C226E6F74696669636174696F6E735C222C5C226465736372697074696F6E5C223A5C224E6F74696669636174696F6E735C222C5C2270726976696C656765735C223A5B7B5C2269645C223A312C5C226465736372697074696F6E5C223A5C22456E61626C65204E6F74696669636174696F6E735C222C5C2276616C75655C223A747275657D5D7D5D22'),
(7, 'PPA', 'Provincial Assistant Administrator', '225B7B5C2269645C223A5C2264617368626F6172645C222C5C226465736372697074696F6E5C223A5C2244617368626F6172645C222C5C2270726976696C656765735C223A5B7B5C2269645C223A312C5C226465736372697074696F6E5C223A5C2253686F772044617368626F6172645C222C5C2276616C75655C223A747275657D5D7D2C7B5C2269645C223A5C22726563656976655F646F63756D656E745C222C5C226465736372697074696F6E5C223A5C2241646420446F63756D656E745C222C5C2270726976696C656765735C223A5B7B5C2269645C223A312C5C226465736372697074696F6E5C223A5C2253686F772041646420446F63756D656E745C222C5C2276616C75655C223A66616C73657D2C7B5C2269645C223A322C5C226465736372697074696F6E5C223A5C2241646420446F63756D656E745C222C5C2276616C75655C223A66616C73657D5D7D2C7B5C2269645C223A5C22726563656976655C222C5C226465736372697074696F6E5C223A5C225265636569766520446F63756D656E745C222C5C2270726976696C656765735C223A5B7B5C2269645C223A312C5C226465736372697074696F6E5C223A5C2253686F77205265636569766520446F63756D656E745C222C5C2276616C75655C223A66616C73657D2C7B5C2269645C223A322C5C226465736372697074696F6E5C223A5C225265636569766520446F63756D656E745C222C5C2276616C75655C223A66616C73657D5D7D2C7B5C2269645C223A5C227570646174655F747261636B735C222C5C226465736372697074696F6E5C223A5C2255706461746520547261636B735C222C5C2270726976696C656765735C223A5B7B5C2269645C223A312C5C226465736372697074696F6E5C223A5C2253686F772055706461746520547261636B735C222C5C2276616C75655C223A66616C73657D2C7B5C2269645C223A322C5C226465736372697074696F6E5C223A5C225669657720446F63756D656E745C222C5C2276616C75655C223A66616C73657D2C7B5C2269645C223A332C5C226465736372697074696F6E5C223A5C2255706461746520446F63756D656E7420547261636B735C222C5C2276616C75655C223A66616C73657D2C7B5C2269645C223A342C5C226465736372697074696F6E5C223A5C225472616E73697420446F63756D656E745C222C5C2276616C75655C223A66616C73657D5D7D2C7B5C2269645C223A5C22747261636B5F646F63756D656E745C222C5C226465736372697074696F6E5C223A5C22547261636B20446F63756D656E745C222C5C2270726976696C656765735C223A5B7B5C2269645C223A312C5C226465736372697074696F6E5C223A5C2253686F7720547261636B20446F63756D656E745C222C5C2276616C75655C223A747275657D2C7B5C2269645C223A322C5C226465736372697074696F6E5C223A5C22547261636B20446F63756D656E745C222C5C2276616C75655C223A747275657D5D7D2C7B5C2269645C223A5C22646F63756D656E74735C222C5C226465736372697074696F6E5C223A5C224C697374206F6620446F63756D656E74735C222C5C2270726976696C656765735C223A5B7B5C2269645C223A312C5C226465736372697074696F6E5C223A5C2253686F7720446F63756D656E74735C222C5C2276616C75655C223A747275657D2C7B5C2269645C223A322C5C226465736372697074696F6E5C223A5C225669657720446F63756D656E745C222C5C2276616C75655C223A747275657D2C7B5C2269645C223A332C5C226465736372697074696F6E5C223A5C224564697420446F63756D656E745C222C5C2276616C75655C223A747275657D2C7B5C2269645C223A5C2264656C6574655F646F63756D656E745C222C5C226465736372697074696F6E5C223A5C2244656C65746520446F63756D656E745C222C5C2276616C75655C223A66616C73657D5D7D2C7B5C2269645C223A5C226163636F756E74735C222C5C226465736372697074696F6E5C223A5C224163636F756E74735C222C5C2270726976696C656765735C223A5B7B5C2269645C223A312C5C226465736372697074696F6E5C223A5C2253686F772055736572204163636F756E74735C222C5C2276616C75655C223A66616C73657D2C7B5C2269645C223A322C5C226465736372697074696F6E5C223A5C224164642055736572204163636F756E745C222C5C2276616C75655C223A66616C73657D2C7B5C2269645C223A332C5C226465736372697074696F6E5C223A5C22456469742055736572204163636F756E745C222C5C2276616C75655C223A66616C73657D2C7B5C2269645C223A5C2264656C6574655F6163636F756E745C222C5C226465736372697074696F6E5C223A5C2244656C6574652055736572204163636F756E745C222C5C2276616C75655C223A66616C73657D5D7D2C7B5C2269645C223A5C2267726F7570735C222C5C226465736372697074696F6E5C223A5C2247726F7570735C222C5C2270726976696C656765735C223A5B7B5C2269645C223A312C5C226465736372697074696F6E5C223A5C2253686F7720557365722047726F7570735C222C5C2276616C75655C223A66616C73657D2C7B5C2269645C223A322C5C226465736372697074696F6E5C223A5C2241646420557365722047726F7570735C222C5C2276616C75655C223A66616C73657D2C7B5C2269645C223A332C5C226465736372697074696F6E5C223A5C224564697420557365722047726F7570735C222C5C2276616C75655C223A66616C73657D2C7B5C2269645C223A5C2264656C6574655F67726F75705C222C5C226465736372697074696F6E5C223A5C2244656C65746520557365722047726F7570735C222C5C2276616C75655C223A66616C73657D5D7D2C7B5C2269645C223A5C226D61696E74656E616E63655C222C5C226465736372697074696F6E5C223A5C224D61696E74656E616E63655C222C5C2270726976696C656765735C223A5B7B5C2269645C223A312C5C226465736372697074696F6E5C223A5C2253686F77204D61696E74656E616E63655C222C5C2276616C75655C223A66616C73657D2C7B5C2269645C223A322C5C226465736372697074696F6E5C223A5C224164645C5C5C2F45646974204974656D5C222C5C2276616C75655C223A66616C73657D2C7B5C2269645C223A5C2264656C6574655F6974656D5C222C5C226465736372697074696F6E5C223A5C2244656C657465204974656D5C222C5C2276616C75655C223A66616C73657D5D7D2C7B5C2269645C223A5C226E6F74696669636174696F6E735C222C5C226465736372697074696F6E5C223A5C224E6F74696669636174696F6E735C222C5C2270726976696C656765735C223A5B7B5C2269645C223A312C5C226465736372697074696F6E5C223A5C22456E61626C65204E6F74696669636174696F6E735C222C5C2276616C75655C223A747275657D5D7D5D22'),
(8, 'AAst', 'Administrative Assistants', '225B7B5C2269645C223A5C2264617368626F6172645C222C5C226465736372697074696F6E5C223A5C2244617368626F6172645C222C5C2270726976696C656765735C223A5B7B5C2269645C223A312C5C226465736372697074696F6E5C223A5C2253686F772044617368626F6172645C222C5C2276616C75655C223A747275657D5D7D2C7B5C2269645C223A5C22726563656976655F646F63756D656E745C222C5C226465736372697074696F6E5C223A5C2241646420446F63756D656E745C222C5C2270726976696C656765735C223A5B7B5C2269645C223A312C5C226465736372697074696F6E5C223A5C2253686F772041646420446F63756D656E745C222C5C2276616C75655C223A66616C73657D2C7B5C2269645C223A322C5C226465736372697074696F6E5C223A5C2241646420446F63756D656E745C222C5C2276616C75655C223A66616C73657D5D7D2C7B5C2269645C223A5C22726563656976655C222C5C226465736372697074696F6E5C223A5C225265636569766520446F63756D656E745C222C5C2270726976696C656765735C223A5B7B5C2269645C223A312C5C226465736372697074696F6E5C223A5C2253686F77205265636569766520446F63756D656E745C222C5C2276616C75655C223A747275657D2C7B5C2269645C223A322C5C226465736372697074696F6E5C223A5C225265636569766520446F63756D656E745C222C5C2276616C75655C223A747275657D5D7D2C7B5C2269645C223A5C2266696C655F646F63756D656E745C222C5C226465736372697074696F6E5C223A5C2246696C6520446F63756D656E745C222C5C2270726976696C656765735C223A5B7B5C2269645C223A312C5C226465736372697074696F6E5C223A5C2253686F772046696C6520446F63756D656E745C222C5C2276616C75655C223A747275657D2C7B5C2269645C223A322C5C226465736372697074696F6E5C223A5C2246696C6520446F63756D656E745C222C5C2276616C75655C223A747275657D5D7D2C7B5C2269645C223A5C227570646174655F747261636B735C222C5C226465736372697074696F6E5C223A5C2255706461746520547261636B735C222C5C2270726976696C656765735C223A5B7B5C2269645C223A312C5C226465736372697074696F6E5C223A5C2253686F772055706461746520547261636B735C222C5C2276616C75655C223A747275657D2C7B5C2269645C223A322C5C226465736372697074696F6E5C223A5C225669657720446F63756D656E745C222C5C2276616C75655C223A747275657D2C7B5C2269645C223A332C5C226465736372697074696F6E5C223A5C2255706461746520446F63756D656E7420547261636B735C222C5C2276616C75655C223A747275657D2C7B5C2269645C223A342C5C226465736372697074696F6E5C223A5C225472616E73697420446F63756D656E745C222C5C2276616C75655C223A747275657D2C7B5C2269645C223A352C5C226465736372697074696F6E5C223A5C2252656C6561736520446F63756D656E745C222C5C2276616C75655C223A747275657D2C7B5C2269645C223A362C5C226465736372697074696F6E5C223A5C2241646420436F6D6D656E745C222C5C2276616C75655C223A747275657D2C7B5C2269645C223A372C5C226465736372697074696F6E5C223A5C22416464205265766973696F6E5C222C5C2276616C75655C223A747275657D2C7B5C2269645C223A382C5C226465736372697074696F6E5C223A5C2245646974205265766973696F6E5C222C5C2276616C75655C223A747275657D2C7B5C2269645C223A5C2264656C6574655F7265766973696F6E5C222C5C226465736372697074696F6E5C223A5C2244656C657465205265766973696F6E5C222C5C2276616C75655C223A747275657D5D7D2C7B5C2269645C223A5C22747261636B5F646F63756D656E745C222C5C226465736372697074696F6E5C223A5C22547261636B20446F63756D656E745C222C5C2270726976696C656765735C223A5B7B5C2269645C223A312C5C226465736372697074696F6E5C223A5C2253686F7720547261636B20446F63756D656E745C222C5C2276616C75655C223A747275657D2C7B5C2269645C223A322C5C226465736372697074696F6E5C223A5C22547261636B20446F63756D656E745C222C5C2276616C75655C223A747275657D5D7D2C7B5C2269645C223A5C22646F63756D656E74735C222C5C226465736372697074696F6E5C223A5C224C697374206F6620446F63756D656E74735C222C5C2270726976696C656765735C223A5B7B5C2269645C223A312C5C226465736372697074696F6E5C223A5C2253686F7720446F63756D656E74735C222C5C2276616C75655C223A66616C73657D2C7B5C2269645C223A322C5C226465736372697074696F6E5C223A5C225669657720446F63756D656E745C222C5C2276616C75655C223A66616C73657D2C7B5C2269645C223A332C5C226465736372697074696F6E5C223A5C224564697420446F63756D656E745C222C5C2276616C75655C223A66616C73657D2C7B5C2269645C223A5C2264656C6574655F646F63756D656E745C222C5C226465736372697074696F6E5C223A5C2244656C65746520446F63756D656E745C222C5C2276616C75655C223A66616C73657D5D7D2C7B5C2269645C223A5C226163636F756E74735C222C5C226465736372697074696F6E5C223A5C224163636F756E74735C222C5C2270726976696C656765735C223A5B7B5C2269645C223A312C5C226465736372697074696F6E5C223A5C2253686F772055736572204163636F756E74735C222C5C2276616C75655C223A66616C73657D2C7B5C2269645C223A322C5C226465736372697074696F6E5C223A5C224164642055736572204163636F756E745C222C5C2276616C75655C223A66616C73657D2C7B5C2269645C223A332C5C226465736372697074696F6E5C223A5C22456469742055736572204163636F756E745C222C5C2276616C75655C223A66616C73657D2C7B5C2269645C223A5C2264656C6574655F6163636F756E745C222C5C226465736372697074696F6E5C223A5C2244656C6574652055736572204163636F756E745C222C5C2276616C75655C223A66616C73657D5D7D2C7B5C2269645C223A5C2267726F7570735C222C5C226465736372697074696F6E5C223A5C2247726F7570735C222C5C2270726976696C656765735C223A5B7B5C2269645C223A312C5C226465736372697074696F6E5C223A5C2253686F7720557365722047726F7570735C222C5C2276616C75655C223A66616C73657D2C7B5C2269645C223A322C5C226465736372697074696F6E5C223A5C2241646420557365722047726F7570735C222C5C2276616C75655C223A66616C73657D2C7B5C2269645C223A332C5C226465736372697074696F6E5C223A5C224564697420557365722047726F7570735C222C5C2276616C75655C223A66616C73657D2C7B5C2269645C223A5C2264656C6574655F67726F75705C222C5C226465736372697074696F6E5C223A5C2244656C65746520557365722047726F7570735C222C5C2276616C75655C223A66616C73657D5D7D2C7B5C2269645C223A5C226D61696E74656E616E63655C222C5C226465736372697074696F6E5C223A5C224D61696E74656E616E63655C222C5C2270726976696C656765735C223A5B7B5C2269645C223A312C5C226465736372697074696F6E5C223A5C2253686F77204D61696E74656E616E63655C222C5C2276616C75655C223A66616C73657D2C7B5C2269645C223A322C5C226465736372697074696F6E5C223A5C224164645C5C5C2F45646974204974656D5C222C5C2276616C75655C223A66616C73657D2C7B5C2269645C223A5C2264656C6574655F6974656D5C222C5C226465736372697074696F6E5C223A5C2244656C657465204974656D5C222C5C2276616C75655C223A66616C73657D5D7D2C7B5C2269645C223A5C226E6F74696669636174696F6E735C222C5C226465736372697074696F6E5C223A5C224E6F74696669636174696F6E735C222C5C2270726976696C656765735C223A5B7B5C2269645C223A312C5C226465736372697074696F6E5C223A5C22456E61626C65204E6F74696669636174696F6E735C222C5C2276616C75655C223A747275657D5D7D5D22');
INSERT INTO `groups` (`id`, `group_name`, `group_description`, `privileges`) VALUES
(9, 'AA', 'Administrative Aides', '225B7B5C2269645C223A5C2264617368626F6172645C222C5C226465736372697074696F6E5C223A5C2244617368626F6172645C222C5C2270726976696C656765735C223A5B7B5C2269645C223A312C5C226465736372697074696F6E5C223A5C2253686F772044617368626F6172645C222C5C2276616C75655C223A747275657D5D7D2C7B5C2269645C223A5C22726563656976655F646F63756D656E745C222C5C226465736372697074696F6E5C223A5C2241646420446F63756D656E745C222C5C2270726976696C656765735C223A5B7B5C2269645C223A312C5C226465736372697074696F6E5C223A5C2253686F772041646420446F63756D656E745C222C5C2276616C75655C223A66616C73657D2C7B5C2269645C223A322C5C226465736372697074696F6E5C223A5C2241646420446F63756D656E745C222C5C2276616C75655C223A66616C73657D5D7D2C7B5C2269645C223A5C22726563656976655C222C5C226465736372697074696F6E5C223A5C225265636569766520446F63756D656E745C222C5C2270726976696C656765735C223A5B7B5C2269645C223A312C5C226465736372697074696F6E5C223A5C2253686F77205265636569766520446F63756D656E745C222C5C2276616C75655C223A66616C73657D2C7B5C2269645C223A322C5C226465736372697074696F6E5C223A5C225265636569766520446F63756D656E745C222C5C2276616C75655C223A66616C73657D5D7D2C7B5C2269645C223A5C2266696C655F646F63756D656E745C222C5C226465736372697074696F6E5C223A5C2246696C6520446F63756D656E745C222C5C2270726976696C656765735C223A5B7B5C2269645C223A312C5C226465736372697074696F6E5C223A5C2253686F772046696C6520446F63756D656E745C222C5C2276616C75655C223A747275657D2C7B5C2269645C223A322C5C226465736372697074696F6E5C223A5C2246696C6520446F63756D656E745C222C5C2276616C75655C223A747275657D5D7D2C7B5C2269645C223A5C227570646174655F747261636B735C222C5C226465736372697074696F6E5C223A5C2255706461746520547261636B735C222C5C2270726976696C656765735C223A5B7B5C2269645C223A312C5C226465736372697074696F6E5C223A5C2253686F772055706461746520547261636B735C222C5C2276616C75655C223A747275657D2C7B5C2269645C223A322C5C226465736372697074696F6E5C223A5C225669657720446F63756D656E745C222C5C2276616C75655C223A747275657D2C7B5C2269645C223A332C5C226465736372697074696F6E5C223A5C2255706461746520446F63756D656E7420547261636B735C222C5C2276616C75655C223A747275657D2C7B5C2269645C223A342C5C226465736372697074696F6E5C223A5C225472616E73697420446F63756D656E745C222C5C2276616C75655C223A747275657D2C7B5C2269645C223A352C5C226465736372697074696F6E5C223A5C2252656C6561736520446F63756D656E745C222C5C2276616C75655C223A747275657D2C7B5C2269645C223A362C5C226465736372697074696F6E5C223A5C2241646420436F6D6D656E745C222C5C2276616C75655C223A747275657D5D7D2C7B5C2269645C223A5C22747261636B5F646F63756D656E745C222C5C226465736372697074696F6E5C223A5C22547261636B20446F63756D656E745C222C5C2270726976696C656765735C223A5B7B5C2269645C223A312C5C226465736372697074696F6E5C223A5C2253686F7720547261636B20446F63756D656E745C222C5C2276616C75655C223A747275657D2C7B5C2269645C223A322C5C226465736372697074696F6E5C223A5C22547261636B20446F63756D656E745C222C5C2276616C75655C223A747275657D5D7D2C7B5C2269645C223A5C22646F63756D656E74735C222C5C226465736372697074696F6E5C223A5C224C697374206F6620446F63756D656E74735C222C5C2270726976696C656765735C223A5B7B5C2269645C223A312C5C226465736372697074696F6E5C223A5C2253686F7720446F63756D656E74735C222C5C2276616C75655C223A66616C73657D2C7B5C2269645C223A322C5C226465736372697074696F6E5C223A5C225669657720446F63756D656E745C222C5C2276616C75655C223A66616C73657D2C7B5C2269645C223A332C5C226465736372697074696F6E5C223A5C224564697420446F63756D656E745C222C5C2276616C75655C223A66616C73657D2C7B5C2269645C223A5C2264656C6574655F646F63756D656E745C222C5C226465736372697074696F6E5C223A5C2244656C65746520446F63756D656E745C222C5C2276616C75655C223A66616C73657D5D7D2C7B5C2269645C223A5C226163636F756E74735C222C5C226465736372697074696F6E5C223A5C224163636F756E74735C222C5C2270726976696C656765735C223A5B7B5C2269645C223A312C5C226465736372697074696F6E5C223A5C2253686F772055736572204163636F756E74735C222C5C2276616C75655C223A66616C73657D2C7B5C2269645C223A322C5C226465736372697074696F6E5C223A5C224164642055736572204163636F756E745C222C5C2276616C75655C223A66616C73657D2C7B5C2269645C223A332C5C226465736372697074696F6E5C223A5C22456469742055736572204163636F756E745C222C5C2276616C75655C223A66616C73657D2C7B5C2269645C223A5C2264656C6574655F6163636F756E745C222C5C226465736372697074696F6E5C223A5C2244656C6574652055736572204163636F756E745C222C5C2276616C75655C223A66616C73657D5D7D2C7B5C2269645C223A5C2267726F7570735C222C5C226465736372697074696F6E5C223A5C2247726F7570735C222C5C2270726976696C656765735C223A5B7B5C2269645C223A312C5C226465736372697074696F6E5C223A5C2253686F7720557365722047726F7570735C222C5C2276616C75655C223A66616C73657D2C7B5C2269645C223A322C5C226465736372697074696F6E5C223A5C2241646420557365722047726F7570735C222C5C2276616C75655C223A66616C73657D2C7B5C2269645C223A332C5C226465736372697074696F6E5C223A5C224564697420557365722047726F7570735C222C5C2276616C75655C223A66616C73657D2C7B5C2269645C223A5C2264656C6574655F67726F75705C222C5C226465736372697074696F6E5C223A5C2244656C65746520557365722047726F7570735C222C5C2276616C75655C223A66616C73657D5D7D2C7B5C2269645C223A5C226D61696E74656E616E63655C222C5C226465736372697074696F6E5C223A5C224D61696E74656E616E63655C222C5C2270726976696C656765735C223A5B7B5C2269645C223A312C5C226465736372697074696F6E5C223A5C2253686F77204D61696E74656E616E63655C222C5C2276616C75655C223A66616C73657D2C7B5C2269645C223A322C5C226465736372697074696F6E5C223A5C224164645C5C5C2F45646974204974656D5C222C5C2276616C75655C223A66616C73657D2C7B5C2269645C223A5C2264656C6574655F6974656D5C222C5C226465736372697074696F6E5C223A5C2244656C657465204974656D5C222C5C2276616C75655C223A66616C73657D5D7D2C7B5C2269645C223A5C226E6F74696669636174696F6E735C222C5C226465736372697074696F6E5C223A5C224E6F74696669636174696F6E735C222C5C2270726976696C656765735C223A5B7B5C2269645C223A312C5C226465736372697074696F6E5C223A5C22456E61626C65204E6F74696669636174696F6E735C222C5C2276616C75655C223A747275657D5D7D5D22'),
(10, 'EA', 'Executive Assistant', '225B7B5C2269645C223A5C2264617368626F6172645C222C5C226465736372697074696F6E5C223A5C2244617368626F6172645C222C5C2270726976696C656765735C223A5B7B5C2269645C223A312C5C226465736372697074696F6E5C223A5C2253686F772044617368626F6172645C222C5C2276616C75655C223A747275657D5D7D2C7B5C2269645C223A5C22726563656976655F646F63756D656E745C222C5C226465736372697074696F6E5C223A5C2241646420446F63756D656E745C222C5C2270726976696C656765735C223A5B7B5C2269645C223A312C5C226465736372697074696F6E5C223A5C2253686F772041646420446F63756D656E745C222C5C2276616C75655C223A66616C73657D2C7B5C2269645C223A322C5C226465736372697074696F6E5C223A5C2241646420446F63756D656E745C222C5C2276616C75655C223A66616C73657D5D7D2C7B5C2269645C223A5C22726563656976655C222C5C226465736372697074696F6E5C223A5C225265636569766520446F63756D656E745C222C5C2270726976696C656765735C223A5B7B5C2269645C223A312C5C226465736372697074696F6E5C223A5C2253686F77205265636569766520446F63756D656E745C222C5C2276616C75655C223A66616C73657D2C7B5C2269645C223A322C5C226465736372697074696F6E5C223A5C225265636569766520446F63756D656E745C222C5C2276616C75655C223A66616C73657D5D7D2C7B5C2269645C223A5C2266696C655F646F63756D656E745C222C5C226465736372697074696F6E5C223A5C2246696C6520446F63756D656E745C222C5C2270726976696C656765735C223A5B7B5C2269645C223A312C5C226465736372697074696F6E5C223A5C2253686F772046696C6520446F63756D656E745C222C5C2276616C75655C223A66616C73657D2C7B5C2269645C223A322C5C226465736372697074696F6E5C223A5C2246696C6520446F63756D656E745C222C5C2276616C75655C223A66616C73657D5D7D2C7B5C2269645C223A5C227570646174655F747261636B735C222C5C226465736372697074696F6E5C223A5C2255706461746520547261636B735C222C5C2270726976696C656765735C223A5B7B5C2269645C223A312C5C226465736372697074696F6E5C223A5C2253686F772055706461746520547261636B735C222C5C2276616C75655C223A66616C73657D2C7B5C2269645C223A322C5C226465736372697074696F6E5C223A5C225669657720446F63756D656E745C222C5C2276616C75655C223A66616C73657D2C7B5C2269645C223A332C5C226465736372697074696F6E5C223A5C2255706461746520446F63756D656E7420547261636B735C222C5C2276616C75655C223A66616C73657D2C7B5C2269645C223A342C5C226465736372697074696F6E5C223A5C225472616E73697420446F63756D656E745C222C5C2276616C75655C223A66616C73657D2C7B5C2269645C223A352C5C226465736372697074696F6E5C223A5C2252656C6561736520446F63756D656E745C222C5C2276616C75655C223A66616C73657D2C7B5C2269645C223A362C5C226465736372697074696F6E5C223A5C2241646420436F6D6D656E745C222C5C2276616C75655C223A66616C73657D2C7B5C2269645C223A372C5C226465736372697074696F6E5C223A5C22416464205265766973696F6E5C222C5C2276616C75655C223A66616C73657D2C7B5C2269645C223A382C5C226465736372697074696F6E5C223A5C2245646974205265766973696F6E5C222C5C2276616C75655C223A66616C73657D2C7B5C2269645C223A5C2264656C6574655F7265766973696F6E5C222C5C226465736372697074696F6E5C223A5C2244656C657465205265766973696F6E5C222C5C2276616C75655C223A66616C73657D5D7D2C7B5C2269645C223A5C22747261636B5F646F63756D656E745C222C5C226465736372697074696F6E5C223A5C22547261636B20446F63756D656E745C222C5C2270726976696C656765735C223A5B7B5C2269645C223A312C5C226465736372697074696F6E5C223A5C2253686F7720547261636B20446F63756D656E745C222C5C2276616C75655C223A747275657D2C7B5C2269645C223A322C5C226465736372697074696F6E5C223A5C22547261636B20446F63756D656E745C222C5C2276616C75655C223A747275657D5D7D2C7B5C2269645C223A5C22646F63756D656E74735C222C5C226465736372697074696F6E5C223A5C224C697374206F6620446F63756D656E74735C222C5C2270726976696C656765735C223A5B7B5C2269645C223A312C5C226465736372697074696F6E5C223A5C2253686F7720446F63756D656E74735C222C5C2276616C75655C223A747275657D2C7B5C2269645C223A322C5C226465736372697074696F6E5C223A5C225669657720446F63756D656E745C222C5C2276616C75655C223A747275657D2C7B5C2269645C223A332C5C226465736372697074696F6E5C223A5C224564697420446F63756D656E745C222C5C2276616C75655C223A66616C73657D2C7B5C2269645C223A5C2264656C6574655F646F63756D656E745C222C5C226465736372697074696F6E5C223A5C2244656C65746520446F63756D656E745C222C5C2276616C75655C223A66616C73657D5D7D2C7B5C2269645C223A5C226163636F756E74735C222C5C226465736372697074696F6E5C223A5C224163636F756E74735C222C5C2270726976696C656765735C223A5B7B5C2269645C223A312C5C226465736372697074696F6E5C223A5C2253686F772055736572204163636F756E74735C222C5C2276616C75655C223A66616C73657D2C7B5C2269645C223A322C5C226465736372697074696F6E5C223A5C224164642055736572204163636F756E745C222C5C2276616C75655C223A66616C73657D2C7B5C2269645C223A332C5C226465736372697074696F6E5C223A5C22456469742055736572204163636F756E745C222C5C2276616C75655C223A66616C73657D2C7B5C2269645C223A5C2264656C6574655F6163636F756E745C222C5C226465736372697074696F6E5C223A5C2244656C6574652055736572204163636F756E745C222C5C2276616C75655C223A66616C73657D5D7D2C7B5C2269645C223A5C2267726F7570735C222C5C226465736372697074696F6E5C223A5C2247726F7570735C222C5C2270726976696C656765735C223A5B7B5C2269645C223A312C5C226465736372697074696F6E5C223A5C2253686F7720557365722047726F7570735C222C5C2276616C75655C223A66616C73657D2C7B5C2269645C223A322C5C226465736372697074696F6E5C223A5C2241646420557365722047726F7570735C222C5C2276616C75655C223A66616C73657D2C7B5C2269645C223A332C5C226465736372697074696F6E5C223A5C224564697420557365722047726F7570735C222C5C2276616C75655C223A66616C73657D2C7B5C2269645C223A5C2264656C6574655F67726F75705C222C5C226465736372697074696F6E5C223A5C2244656C65746520557365722047726F7570735C222C5C2276616C75655C223A66616C73657D5D7D2C7B5C2269645C223A5C226D61696E74656E616E63655C222C5C226465736372697074696F6E5C223A5C224D61696E74656E616E63655C222C5C2270726976696C656765735C223A5B7B5C2269645C223A312C5C226465736372697074696F6E5C223A5C2253686F77204D61696E74656E616E63655C222C5C2276616C75655C223A66616C73657D2C7B5C2269645C223A322C5C226465736372697074696F6E5C223A5C224164645C5C5C2F45646974204974656D5C222C5C2276616C75655C223A66616C73657D2C7B5C2269645C223A5C2264656C6574655F6974656D5C222C5C226465736372697074696F6E5C223A5C2244656C657465204974656D5C222C5C2276616C75655C223A66616C73657D5D7D2C7B5C2269645C223A5C226E6F74696669636174696F6E735C222C5C226465736372697074696F6E5C223A5C224E6F74696669636174696F6E735C222C5C2270726976696C656765735C223A5B7B5C2269645C223A312C5C226465736372697074696F6E5C223A5C22456E61626C65204E6F74696669636174696F6E735C222C5C2276616C75655C223A66616C73657D5D7D5D22'),
(11, 'SAO', 'Supervising Administrative Officer', '225B7B5C2269645C223A5C2264617368626F6172645C222C5C226465736372697074696F6E5C223A5C2244617368626F6172645C222C5C2270726976696C656765735C223A5B7B5C2269645C223A312C5C226465736372697074696F6E5C223A5C2253686F772044617368626F6172645C222C5C2276616C75655C223A747275657D5D7D2C7B5C2269645C223A5C22726563656976655F646F63756D656E745C222C5C226465736372697074696F6E5C223A5C2241646420446F63756D656E745C222C5C2270726976696C656765735C223A5B7B5C2269645C223A312C5C226465736372697074696F6E5C223A5C2253686F772041646420446F63756D656E745C222C5C2276616C75655C223A66616C73657D2C7B5C2269645C223A322C5C226465736372697074696F6E5C223A5C2241646420446F63756D656E745C222C5C2276616C75655C223A66616C73657D5D7D2C7B5C2269645C223A5C22726563656976655C222C5C226465736372697074696F6E5C223A5C225265636569766520446F63756D656E745C222C5C2270726976696C656765735C223A5B7B5C2269645C223A312C5C226465736372697074696F6E5C223A5C2253686F77205265636569766520446F63756D656E745C222C5C2276616C75655C223A66616C73657D2C7B5C2269645C223A322C5C226465736372697074696F6E5C223A5C225265636569766520446F63756D656E745C222C5C2276616C75655C223A66616C73657D5D7D2C7B5C2269645C223A5C2266696C655F646F63756D656E745C222C5C226465736372697074696F6E5C223A5C2246696C6520446F63756D656E745C222C5C2270726976696C656765735C223A5B7B5C2269645C223A312C5C226465736372697074696F6E5C223A5C2253686F772046696C6520446F63756D656E745C222C5C2276616C75655C223A66616C73657D2C7B5C2269645C223A322C5C226465736372697074696F6E5C223A5C2246696C6520446F63756D656E745C222C5C2276616C75655C223A66616C73657D5D7D2C7B5C2269645C223A5C227570646174655F747261636B735C222C5C226465736372697074696F6E5C223A5C2255706461746520547261636B735C222C5C2270726976696C656765735C223A5B7B5C2269645C223A312C5C226465736372697074696F6E5C223A5C2253686F772055706461746520547261636B735C222C5C2276616C75655C223A66616C73657D2C7B5C2269645C223A322C5C226465736372697074696F6E5C223A5C225669657720446F63756D656E745C222C5C2276616C75655C223A66616C73657D2C7B5C2269645C223A332C5C226465736372697074696F6E5C223A5C2255706461746520446F63756D656E7420547261636B735C222C5C2276616C75655C223A66616C73657D2C7B5C2269645C223A342C5C226465736372697074696F6E5C223A5C225472616E73697420446F63756D656E745C222C5C2276616C75655C223A66616C73657D2C7B5C2269645C223A352C5C226465736372697074696F6E5C223A5C2252656C6561736520446F63756D656E745C222C5C2276616C75655C223A66616C73657D2C7B5C2269645C223A362C5C226465736372697074696F6E5C223A5C2241646420436F6D6D656E745C222C5C2276616C75655C223A66616C73657D2C7B5C2269645C223A372C5C226465736372697074696F6E5C223A5C22416464205265766973696F6E5C222C5C2276616C75655C223A66616C73657D2C7B5C2269645C223A382C5C226465736372697074696F6E5C223A5C2245646974205265766973696F6E5C222C5C2276616C75655C223A66616C73657D2C7B5C2269645C223A5C2264656C6574655F7265766973696F6E5C222C5C226465736372697074696F6E5C223A5C2244656C657465205265766973696F6E5C222C5C2276616C75655C223A66616C73657D5D7D2C7B5C2269645C223A5C22747261636B5F646F63756D656E745C222C5C226465736372697074696F6E5C223A5C22547261636B20446F63756D656E745C222C5C2270726976696C656765735C223A5B7B5C2269645C223A312C5C226465736372697074696F6E5C223A5C2253686F7720547261636B20446F63756D656E745C222C5C2276616C75655C223A747275657D2C7B5C2269645C223A322C5C226465736372697074696F6E5C223A5C22547261636B20446F63756D656E745C222C5C2276616C75655C223A747275657D5D7D2C7B5C2269645C223A5C22646F63756D656E74735C222C5C226465736372697074696F6E5C223A5C224C697374206F6620446F63756D656E74735C222C5C2270726976696C656765735C223A5B7B5C2269645C223A312C5C226465736372697074696F6E5C223A5C2253686F7720446F63756D656E74735C222C5C2276616C75655C223A747275657D2C7B5C2269645C223A322C5C226465736372697074696F6E5C223A5C225669657720446F63756D656E745C222C5C2276616C75655C223A747275657D2C7B5C2269645C223A332C5C226465736372697074696F6E5C223A5C224564697420446F63756D656E745C222C5C2276616C75655C223A66616C73657D2C7B5C2269645C223A5C2264656C6574655F646F63756D656E745C222C5C226465736372697074696F6E5C223A5C2244656C65746520446F63756D656E745C222C5C2276616C75655C223A66616C73657D5D7D2C7B5C2269645C223A5C226163636F756E74735C222C5C226465736372697074696F6E5C223A5C224163636F756E74735C222C5C2270726976696C656765735C223A5B7B5C2269645C223A312C5C226465736372697074696F6E5C223A5C2253686F772055736572204163636F756E74735C222C5C2276616C75655C223A66616C73657D2C7B5C2269645C223A322C5C226465736372697074696F6E5C223A5C224164642055736572204163636F756E745C222C5C2276616C75655C223A66616C73657D2C7B5C2269645C223A332C5C226465736372697074696F6E5C223A5C22456469742055736572204163636F756E745C222C5C2276616C75655C223A66616C73657D2C7B5C2269645C223A5C2264656C6574655F6163636F756E745C222C5C226465736372697074696F6E5C223A5C2244656C6574652055736572204163636F756E745C222C5C2276616C75655C223A66616C73657D5D7D2C7B5C2269645C223A5C2267726F7570735C222C5C226465736372697074696F6E5C223A5C2247726F7570735C222C5C2270726976696C656765735C223A5B7B5C2269645C223A312C5C226465736372697074696F6E5C223A5C2253686F7720557365722047726F7570735C222C5C2276616C75655C223A66616C73657D2C7B5C2269645C223A322C5C226465736372697074696F6E5C223A5C2241646420557365722047726F7570735C222C5C2276616C75655C223A66616C73657D2C7B5C2269645C223A332C5C226465736372697074696F6E5C223A5C224564697420557365722047726F7570735C222C5C2276616C75655C223A66616C73657D2C7B5C2269645C223A5C2264656C6574655F67726F75705C222C5C226465736372697074696F6E5C223A5C2244656C65746520557365722047726F7570735C222C5C2276616C75655C223A66616C73657D5D7D2C7B5C2269645C223A5C226D61696E74656E616E63655C222C5C226465736372697074696F6E5C223A5C224D61696E74656E616E63655C222C5C2270726976696C656765735C223A5B7B5C2269645C223A312C5C226465736372697074696F6E5C223A5C2253686F77204D61696E74656E616E63655C222C5C2276616C75655C223A66616C73657D2C7B5C2269645C223A322C5C226465736372697074696F6E5C223A5C224164645C5C5C2F45646974204974656D5C222C5C2276616C75655C223A66616C73657D2C7B5C2269645C223A5C2264656C6574655F6974656D5C222C5C226465736372697074696F6E5C223A5C2244656C657465204974656D5C222C5C2276616C75655C223A66616C73657D5D7D2C7B5C2269645C223A5C226E6F74696669636174696F6E735C222C5C226465736372697074696F6E5C223A5C224E6F74696669636174696F6E735C222C5C2270726976696C656765735C223A5B7B5C2269645C223A312C5C226465736372697074696F6E5C223A5C22456E61626C65204E6F74696669636174696F6E735C222C5C2276616C75655C223A747275657D5D7D5D22');

-- --------------------------------------------------------

--
-- Table structure for table `notifications`
--

CREATE TABLE `notifications` (
  `id` int(11) NOT NULL,
  `doc_id` int(11) DEFAULT NULL,
  `track_id` int(11) DEFAULT NULL,
  `revision_id` int(11) DEFAULT NULL,
  `user_id` int(11) DEFAULT NULL,
  `office_id` int(11) DEFAULT NULL,
  `icon` varchar(500) DEFAULT NULL,
  `icon_bg` varchar(500) DEFAULT NULL,
  `icon_color` varchar(500) DEFAULT NULL,
  `header` text,
  `header_color` varchar(100) DEFAULT NULL,
  `message` longtext,
  `url` varchar(100) DEFAULT NULL,
  `dismiss` tinyint(4) NOT NULL DEFAULT '0',
  `inform_seen` text,
  `system_log` datetime NOT NULL DEFAULT CURRENT_TIMESTAMP,
  `last_modified` datetime DEFAULT NULL
) ENGINE=InnoDB DEFAULT CHARSET=latin1;

--
-- Dumping data for table `notifications`
--

INSERT INTO `notifications` (`id`, `doc_id`, `track_id`, `revision_id`, `user_id`, `office_id`, `icon`, `icon_bg`, `icon_color`, `header`, `header_color`, `message`, `url`, `dismiss`, `inform_seen`, `system_log`, `last_modified`) VALUES
(1, 1, NULL, NULL, 3, NULL, 'icon-android-arrow-dropdown', 'icon-bg-circle', 'bg-warning', 'agsdgd', 'yellow darken-3', 'Received at  by Ghenny Rose Estipular', '/track-document.html#!/1', 0, NULL, '2019-09-10 16:58:03', NULL),
(2, 1, NULL, NULL, 4, NULL, 'icon-android-arrow-dropdown', 'icon-bg-circle', 'bg-warning', 'agsdgd', 'yellow darken-3', 'Received at  by Ghenny Rose Estipular', '/track-document.html#!/1', 0, NULL, '2019-09-10 16:58:03', NULL),
(3, 1, NULL, NULL, 9, NULL, 'icon-android-arrow-dropdown', 'icon-bg-circle', 'bg-warning', 'agsdgd', 'yellow darken-3', 'Received at  by Ghenny Rose Estipular', '/track-document.html#!/1', 0, NULL, '2019-09-10 16:58:03', NULL),
(4, 1, NULL, NULL, 48, NULL, 'icon-android-arrow-dropdown', 'icon-bg-circle', 'bg-warning', 'agsdgd', 'yellow darken-3', 'Received at  by Ghenny Rose Estipular', '/track-document.html#!/1', 0, NULL, '2019-09-10 16:58:03', NULL);

-- --------------------------------------------------------

--
-- Table structure for table `offices`
--

CREATE TABLE `offices` (
  `id` int(11) NOT NULL,
  `office` varchar(200) DEFAULT NULL,
  `shortname` varchar(50) DEFAULT NULL,
  `dept_id` int(11) DEFAULT NULL
) ENGINE=InnoDB DEFAULT CHARSET=latin1;

--
-- Dumping data for table `offices`
--

INSERT INTO `offices` (`id`, `office`, `shortname`, `dept_id`) VALUES
(1, 'Others', 'OTH', 24),
(12, 'Provincial Health Office', 'PHO', 18),
(13, 'Security Services Unit', 'SSU', 1),
(14, 'Office of the Provincial Accountant', 'OPAcc', 8),
(15, 'Provincial Legal Office', 'PLO', 17),
(16, 'Provincial Treasury Office', 'PTO', 5),
(17, 'Provincial Social Welfare and Development Office', 'PSWD', 12),
(18, 'Provincial Disaster Risk Reduction and Management Unit', 'PDRRMU', 1),
(19, 'Office of the Provincial Planning & Development Coordinator', 'PPDC', 13),
(20, 'OFFICE OF THE PROVINCIAL GOVERNOR', 'OPG', 1),
(21, 'OFFICE OF THE PROVINCIAL VICE GOVERNOR', 'VG', 3),
(22, 'OFFICE OF THE PROVINCIAL SANGGUNIANG PANLALAWIGAN', 'SP', 4),
(23, 'OVERSIGHT TO PROVINCIAL STRATEGY', 'OPS', 1),
(24, 'OFFICE OF THE PROVINCIAL ADMINISTRATOR', 'OPA', 2),
(25, 'HUMAN RESOURCE MANAGEMENT UNIT', 'HRMU', 2),
(26, 'INFORMATION AND COMMUNICATIONS TECHNOLOGY UNIT', 'ICTU', 1),
(27, 'LA UNION PROVINCIAL JAIL', 'LUPJ', 1),
(28, 'ENVIRONMENT AND NATURAL RESOURCES UNIT', 'ENRU', 1),
(29, 'OFFICE OF THE PROVINCIAL AGRICULTURIST', 'OPAG', 16),
(30, 'OFFICE OF THE PROVINCIAL ASSESSOR', 'ASS', 6),
(31, 'OFFICE OF THE PROVINCIAL BUDGET OFFICER', 'PBO', 7),
(32, 'BIDS AND AWARDS COMMITTEE', 'BAC', 1),
(33, 'OFFICE OF THE PROVINCIAL ENGINEER', 'PEO', 10),
(34, 'OFFICE OF THE PROVINCIAL GENERAL SERVICES OFFICER', 'PGSO', 14),
(35, 'OFFICE OF THE PROVINCIAL INFORMATION AND TOURISM OFFICER', 'PITO', 11),
(36, 'OFFICE OF THE PROVINCIAL POPULATION OFFICER', 'PPO', 9),
(37, 'PROVINCIAL EMPLOYMENT SERVICES UNIT', 'PESU', 1),
(38, 'OFFICE OF THE PROVINCIAL VETERINARIAN', 'VET', 15),
(39, 'LA UNION DISTRICT HOSPITAL', 'LUDH', 24);

-- --------------------------------------------------------

--
-- Table structure for table `referral_options`
--

CREATE TABLE `referral_options` (
  `id` int(11) NOT NULL,
  `pre_phrase` varchar(100) DEFAULT NULL,
  `choice` varchar(250) DEFAULT NULL,
  `description` varchar(100) DEFAULT NULL
) ENGINE=InnoDB DEFAULT CHARSET=latin1;

--
-- Dumping data for table `referral_options`
--

INSERT INTO `referral_options` (`id`, `pre_phrase`, `choice`, `description`) VALUES
(1, 'Flagged as', 'FOR COMMENT/RECOMMENDATION', 'flagged as For Comment/Recommendation'),
(2, 'Flagged as', 'FOR DISSEMINATION', 'flagged as For Dissemination'),
(3, 'Flagged as', 'RETURN DOCUMENTS TO ME', 'flagged as Return Documents to me'),
(4, NULL, 'APPROVED', 'approved'),
(5, 'Flagged as', 'PLEASE HANDLE', 'flagged as Please Handle'),
(6, 'Flagged as', 'PLEASE PREPARE REPLY LETTER', 'flagged as Please Prepare Reply Letter'),
(7, 'Flagged as', 'FOR FILE', 'flagged as For Filing'),
(8, NULL, 'KINDLY COORDINATE WITH', NULL),
(9, 'Flagged as', 'FOR INFORMATION/REFERENCE', 'flagged as For Information/Reference'),
(10, 'Flagged as', 'LET US DISCUSS/SEE ME', 'flagged as Let us discuss/See me'),
(11, 'Flagged as', 'FOR REVIEW', 'flagged as For Review/Evaluation'),
(12, 'Flagged as', 'PLEASE ATTEND', 'flagged as Please Attend'),
(13, 'Flagged as', 'FOR APPROPRIATE ACTION', 'flagged as For Appropriate Action'),
(14, NULL, 'URGENT/PLEASE RUSH', NULL),
(15, 'Flagged as', 'PLEASE CONFIRM', 'flagged as Please Confirm'),
(16, 'Flagged as', 'PLEASE PREPARE SPEECH/MESSAGE', 'flagged as Please Prepare Speech/Message');

-- --------------------------------------------------------

--
-- Table structure for table `revisions`
--

CREATE TABLE `revisions` (
  `id` int(11) NOT NULL,
  `document_id` int(11) DEFAULT NULL,
  `user_id` int(11) DEFAULT NULL,
  `notes` longtext,
  `revision_ok` tinyint(4) NOT NULL DEFAULT '0',
  `uploaded_file` varchar(1000) DEFAULT NULL,
  `datetime_completed` datetime DEFAULT NULL,
  `system_log` datetime NOT NULL DEFAULT CURRENT_TIMESTAMP,
  `update_log` datetime DEFAULT NULL
) ENGINE=InnoDB DEFAULT CHARSET=latin1;

-- --------------------------------------------------------

--
-- Table structure for table `tracks`
--

CREATE TABLE `tracks` (
  `id` int(255) NOT NULL,
  `document_id` int(255) DEFAULT NULL,
  `office_id` int(11) DEFAULT NULL COMMENT 'Office of user currently login',
  `track_action` int(11) DEFAULT NULL,
  `track_action_add_params` longtext,
  `track_action_staff` int(11) DEFAULT NULL COMMENT 'Staff who performed the action',
  `track_action_status` varchar(50) DEFAULT NULL,
  `track_user` int(11) DEFAULT NULL COMMENT 'Id of user currently login',
  `preceding_track` int(11) DEFAULT NULL,
  `transit` longtext COMMENT 'Current location of document',
  `comment` longtext,
  `revision_id` int(11) DEFAULT NULL,
  `system_log` datetime NOT NULL DEFAULT CURRENT_TIMESTAMP,
  `update_log` datetime DEFAULT NULL
) ENGINE=InnoDB DEFAULT CHARSET=latin1;

--
-- Dumping data for table `tracks`
--

INSERT INTO `tracks` (`id`, `document_id`, `office_id`, `track_action`, `track_action_add_params`, `track_action_staff`, `track_action_status`, `track_user`, `preceding_track`, `transit`, `comment`, `revision_id`, `system_log`, `update_log`) VALUES
(1, 1, 2, 1, '{"id":1,"action_id":1,"model":"action_user_id","description":"To","type":"checkbox","options":[{"id":2,"description":"Ma\'am Jennifer Joan O. Manguiat","office":{"id":2,"office":null},"value":true},{"id":8,"description":"Arvin C. Camacho","office":{"id":2,"office":null},"value":false},{"id":9,"description":"Evangeline S. Mendoza","office":{"id":2,"office":null},"value":false}]}', NULL, NULL, 4, NULL, '{"id":1,"picked_up_by":null,"received_by":null,"office":"2","released_to":null,"filed":false}', NULL, NULL, '2019-09-10 16:58:03', NULL);

-- --------------------------------------------------------

--
-- Table structure for table `tracks_options`
--

CREATE TABLE `tracks_options` (
  `id` int(11) NOT NULL,
  `track_id` int(11) NOT NULL,
  `track_option` int(11) NOT NULL,
  `system_log` datetime NOT NULL DEFAULT CURRENT_TIMESTAMP
) ENGINE=InnoDB DEFAULT CHARSET=latin1;

-- --------------------------------------------------------

--
-- Table structure for table `transactions`
--

CREATE TABLE `transactions` (
  `id` int(11) NOT NULL,
  `transaction` varchar(400) DEFAULT NULL,
  `days` int(50) DEFAULT NULL,
  `shortname` varchar(150) DEFAULT NULL
) ENGINE=InnoDB DEFAULT CHARSET=latin1;

--
-- Dumping data for table `transactions`
--

INSERT INTO `transactions` (`id`, `transaction`, `days`, `shortname`) VALUES
(1, 'Simple', 3, 'SIM'),
(2, 'Complex', 7, 'COM');

-- --------------------------------------------------------

--
-- Table structure for table `users`
--

CREATE TABLE `users` (
  `id` int(11) NOT NULL,
  `title` varchar(50) DEFAULT NULL,
  `fname` varchar(50) DEFAULT NULL,
  `mname` varchar(50) DEFAULT NULL,
  `lname` varchar(50) DEFAULT NULL,
  `position` varchar(50) DEFAULT NULL,
  `uname` varchar(50) DEFAULT NULL,
  `pw` varchar(50) DEFAULT NULL,
  `employee_id` varchar(10) DEFAULT NULL,
  `div_id` int(11) DEFAULT NULL,
  `email_address` varchar(50) DEFAULT NULL,
  `phone_number` varchar(200) DEFAULT NULL,
  `group_id` int(11) NOT NULL,
  `system_accountability` int(11) DEFAULT NULL,
  `privileges` longtext
) ENGINE=InnoDB DEFAULT CHARSET=latin1;

--
-- Dumping data for table `users`
--

INSERT INTO `users` (`id`, `title`, `fname`, `mname`, `lname`, `position`, `uname`, `pw`, `employee_id`, `div_id`, `email_address`, `phone_number`, `group_id`, `system_accountability`, `privileges`) VALUES
(1, NULL, 'Sylvester', 'Bulilan', 'Flores', 'Administrative Aide VI', 'sly', 'legend', '82156', 4, 'sly@christian.com.ph', '09179245040', 1, NULL, NULL),
(2, 'Ma\'am', 'Jennifer Joan', 'Ortega', 'Manguiat', 'Provincial Administrator', 'pa', '123456', NULL, 2, NULL, NULL, 2, 1, NULL),
(3, NULL, 'Mary Ann', 'Yan', 'Orofino', 'Administrative Aide IV', 'ann', '123456', '81018', 2, NULL, NULL, 3, NULL, NULL),
(4, NULL, 'Ghenny Rose', NULL, 'Estipular', 'Administrative Aide VI', 'ghenny', '123456', '80005', 2, NULL, NULL, 3, NULL, NULL),
(5, NULL, 'Remeleth', NULL, 'Dumaguin', 'Administrative Officer', 'meleth', '123456', NULL, 4, NULL, NULL, 4, NULL, NULL),
(6, 'Governor', 'Francisco Emmanuel', 'Ramos', 'Ortega', 'Provincial Governor', 'pacoy', '123456', NULL, 3, NULL, NULL, 5, NULL, NULL),
(7, NULL, 'Sharmeen', 'Natarte', 'Guray', 'ADMINISTRATIVE AIDE IV', 'sharmeen', '123456', NULL, 3, NULL, NULL, 4, NULL, '225B7B5C2269645C223A5C2264617368626F6172645C222C5C226465736372697074696F6E5C223A5C2244617368626F6172645C222C5C2270726976696C656765735C223A5B7B5C2269645C223A312C5C226465736372697074696F6E5C223A5C2253686F772044617368626F6172645C222C5C2276616C75655C223A66616C73657D5D7D2C7B5C2269645C223A5C22726563656976655F646F63756D656E745C222C5C226465736372697074696F6E5C223A5C2241646420446F63756D656E745C222C5C2270726976696C656765735C223A5B7B5C2269645C223A312C5C226465736372697074696F6E5C223A5C2253686F772041646420446F63756D656E745C222C5C2276616C75655C223A66616C73657D2C7B5C2269645C223A322C5C226465736372697074696F6E5C223A5C2241646420446F63756D656E745C222C5C2276616C75655C223A66616C73657D5D7D2C7B5C2269645C223A5C22726563656976655C222C5C226465736372697074696F6E5C223A5C225265636569766520446F63756D656E745C222C5C2270726976696C656765735C223A5B7B5C2269645C223A312C5C226465736372697074696F6E5C223A5C2253686F77205265636569766520446F63756D656E745C222C5C2276616C75655C223A66616C73657D2C7B5C2269645C223A322C5C226465736372697074696F6E5C223A5C225265636569766520446F63756D656E745C222C5C2276616C75655C223A66616C73657D5D7D2C7B5C2269645C223A5C2266696C655F646F63756D656E745C222C5C226465736372697074696F6E5C223A5C2246696C6520446F63756D656E745C222C5C2270726976696C656765735C223A5B7B5C2269645C223A312C5C226465736372697074696F6E5C223A5C2253686F772046696C6520446F63756D656E745C222C5C2276616C75655C223A66616C73657D2C7B5C2269645C223A322C5C226465736372697074696F6E5C223A5C2246696C6520446F63756D656E745C222C5C2276616C75655C223A66616C73657D5D7D2C7B5C2269645C223A5C227570646174655F747261636B735C222C5C226465736372697074696F6E5C223A5C2255706461746520547261636B735C222C5C2270726976696C656765735C223A5B7B5C2269645C223A312C5C226465736372697074696F6E5C223A5C2253686F772055706461746520547261636B735C222C5C2276616C75655C223A66616C73657D2C7B5C2269645C223A322C5C226465736372697074696F6E5C223A5C225669657720446F63756D656E745C222C5C2276616C75655C223A66616C73657D2C7B5C2269645C223A332C5C226465736372697074696F6E5C223A5C2255706461746520446F63756D656E7420547261636B735C222C5C2276616C75655C223A66616C73657D2C7B5C2269645C223A342C5C226465736372697074696F6E5C223A5C225472616E73697420446F63756D656E745C222C5C2276616C75655C223A66616C73657D2C7B5C2269645C223A352C5C226465736372697074696F6E5C223A5C2252656C6561736520446F63756D656E745C222C5C2276616C75655C223A747275657D2C7B5C2269645C223A362C5C226465736372697074696F6E5C223A5C2241646420436F6D6D656E745C222C5C2276616C75655C223A66616C73657D2C7B5C2269645C223A372C5C226465736372697074696F6E5C223A5C22416464205265766973696F6E5C222C5C2276616C75655C223A66616C73657D2C7B5C2269645C223A382C5C226465736372697074696F6E5C223A5C2245646974205265766973696F6E5C222C5C2276616C75655C223A66616C73657D2C7B5C2269645C223A5C2264656C6574655F7265766973696F6E5C222C5C226465736372697074696F6E5C223A5C2244656C657465205265766973696F6E5C222C5C2276616C75655C223A66616C73657D5D7D2C7B5C2269645C223A5C22747261636B5F646F63756D656E745C222C5C226465736372697074696F6E5C223A5C22547261636B20446F63756D656E745C222C5C2270726976696C656765735C223A5B7B5C2269645C223A312C5C226465736372697074696F6E5C223A5C2253686F7720547261636B20446F63756D656E745C222C5C2276616C75655C223A66616C73657D2C7B5C2269645C223A322C5C226465736372697074696F6E5C223A5C22547261636B20446F63756D656E745C222C5C2276616C75655C223A66616C73657D5D7D2C7B5C2269645C223A5C22646F63756D656E74735C222C5C226465736372697074696F6E5C223A5C224C697374206F6620446F63756D656E74735C222C5C2270726976696C656765735C223A5B7B5C2269645C223A312C5C226465736372697074696F6E5C223A5C2253686F7720446F63756D656E74735C222C5C2276616C75655C223A66616C73657D2C7B5C2269645C223A322C5C226465736372697074696F6E5C223A5C225669657720446F63756D656E745C222C5C2276616C75655C223A66616C73657D2C7B5C2269645C223A332C5C226465736372697074696F6E5C223A5C224564697420446F63756D656E745C222C5C2276616C75655C223A66616C73657D2C7B5C2269645C223A5C2264656C6574655F646F63756D656E745C222C5C226465736372697074696F6E5C223A5C2244656C65746520446F63756D656E745C222C5C2276616C75655C223A66616C73657D5D7D2C7B5C2269645C223A5C226163636F756E74735C222C5C226465736372697074696F6E5C223A5C224163636F756E74735C222C5C2270726976696C656765735C223A5B7B5C2269645C223A312C5C226465736372697074696F6E5C223A5C2253686F772055736572204163636F756E74735C222C5C2276616C75655C223A66616C73657D2C7B5C2269645C223A322C5C226465736372697074696F6E5C223A5C224164642055736572204163636F756E745C222C5C2276616C75655C223A66616C73657D2C7B5C2269645C223A332C5C226465736372697074696F6E5C223A5C22456469742055736572204163636F756E745C222C5C2276616C75655C223A66616C73657D2C7B5C2269645C223A5C2264656C6574655F6163636F756E745C222C5C226465736372697074696F6E5C223A5C2244656C6574652055736572204163636F756E745C222C5C2276616C75655C223A66616C73657D5D7D2C7B5C2269645C223A5C2267726F7570735C222C5C226465736372697074696F6E5C223A5C2247726F7570735C222C5C2270726976696C656765735C223A5B7B5C2269645C223A312C5C226465736372697074696F6E5C223A5C2253686F7720557365722047726F7570735C222C5C2276616C75655C223A66616C73657D2C7B5C2269645C223A322C5C226465736372697074696F6E5C223A5C2241646420557365722047726F7570735C222C5C2276616C75655C223A66616C73657D2C7B5C2269645C223A332C5C226465736372697074696F6E5C223A5C224564697420557365722047726F7570735C222C5C2276616C75655C223A66616C73657D2C7B5C2269645C223A5C2264656C6574655F67726F75705C222C5C226465736372697074696F6E5C223A5C2244656C65746520557365722047726F7570735C222C5C2276616C75655C223A66616C73657D5D7D2C7B5C2269645C223A5C226D61696E74656E616E63655C222C5C226465736372697074696F6E5C223A5C224D61696E74656E616E63655C222C5C2270726976696C656765735C223A5B7B5C2269645C223A312C5C226465736372697074696F6E5C223A5C2253686F77204D61696E74656E616E63655C222C5C2276616C75655C223A66616C73657D2C7B5C2269645C223A322C5C226465736372697074696F6E5C223A5C224164645C5C5C2F45646974204974656D5C222C5C2276616C75655C223A66616C73657D2C7B5C2269645C223A5C2264656C6574655F6974656D5C222C5C226465736372697074696F6E5C223A5C2244656C657465204974656D5C222C5C2276616C75655C223A66616C73657D5D7D2C7B5C2269645C223A5C226E6F74696669636174696F6E735C222C5C226465736372697074696F6E5C223A5C224E6F74696669636174696F6E735C222C5C2270726976696C656765735C223A5B7B5C2269645C223A312C5C226465736372697074696F6E5C223A5C22456E61626C65204E6F74696669636174696F6E735C222C5C2276616C75655C223A66616C73657D5D7D5D22'),
(8, NULL, 'Arvin', 'Cabading', 'Camacho', 'Assistant Provincial Administrator', 'arvin', '123456', '90097', 2, NULL, NULL, 2, NULL, NULL),
(9, NULL, 'Evangeline', 'Soriano', 'Mendoza', 'SAO', 'eva', '123456', '76023', 2, NULL, NULL, 3, NULL, NULL),
(10, NULL, 'Margie', 'Tangalan', 'Garcia', 'Administrative Assistant II', 'margie', '123456', '74001', 4, NULL, NULL, 8, NULL, NULL),
(11, '', 'Kyril Raccine', 'Cruz', 'Salanga', 'Laborer I', 'kyril', '123456', '95040', 5, NULL, NULL, 8, NULL, NULL),
(12, NULL, 'Frances Mer', 'Torres', 'Martinez', 'Administrative Assistant IV', 'frances', '123456', '92094', 5, NULL, NULL, 8, NULL, NULL),
(13, NULL, 'Gino Justin', 'Aldana', 'Gacad', 'Laborer I', 'gino', '123456', '95009', 5, NULL, NULL, 8, NULL, NULL),
(14, NULL, 'Stephanie', NULL, 'Casuga', 'Laborer I', 'stephanie', '123456', '94077', 3, NULL, NULL, 8, NULL, NULL),
(15, NULL, 'Caridad', 'Edades', 'Miranda', 'Administrative Aide IV', 'caridad', '123456', '72004', 6, NULL, NULL, 9, NULL, NULL),
(16, NULL, 'Kathleen', 'Aromin', 'Soriano', 'Laborer I', 'kathleen', '123456', '83153', 6, NULL, NULL, 4, NULL, NULL),
(17, NULL, 'Gloria', 'Ringor', 'Caluscusin', 'Administrative Assistant II', 'gloria', '123456', '80043', 6, NULL, NULL, 8, NULL, NULL),
(18, NULL, 'Xeo Jun Jerico', 'Lazaga', 'Abaigar', 'Laborer I', 'xeo', '123456', '95012', 6, NULL, NULL, 8, NULL, NULL),
(19, NULL, 'Bea Sheriekris', 'Balcita', 'Balagot', 'Administrative Assistant II', 'bea', '123456', '92004', 6, NULL, NULL, 8, NULL, NULL),
(20, NULL, 'Joel', 'Briones', 'Carvajal', 'Administrative Aide IV', 'joel', '123456', '80090', 6, NULL, NULL, 9, NULL, NULL),
(21, NULL, 'Alvin', 'Apilado', 'Mingaracal', 'Laborer I', '91024', 'baloney1', '91024', 6, NULL, NULL, 8, NULL, NULL),
(22, NULL, 'Lourmie', 'Bulseco', 'Cabanela', 'Laborer I', 'lourmie', '123456', '89053', 7, NULL, NULL, 8, NULL, NULL),
(23, NULL, 'Angela Clemea', 'Aglipay', 'Claro', 'Laborer I', 'angela', '123456', '95065', 7, NULL, NULL, 8, NULL, NULL),
(24, NULL, 'Anjo', 'Quejado', 'Viloria', 'Administrative Assistant V', 'anjo', '123456', '78012', 8, NULL, NULL, 8, NULL, NULL),
(25, NULL, 'Ellanar', 'Espiloy', 'Zamoranos', 'Administrative Aide I', 'ellanar', '123456', '76075', 8, NULL, NULL, 9, NULL, NULL),
(26, NULL, 'Mathew', 'Patacsil', 'Sapguin', 'Laborer I', 'mathew', '123456', '96044', 8, NULL, NULL, 8, NULL, NULL),
(27, NULL, 'Lorenna', 'Capricho', 'Luna', 'Laborer I', 'lorenna', '123456', '79181', 8, NULL, NULL, 8, NULL, NULL),
(28, NULL, 'Leah', 'Masangcay', 'Castaeda', 'Laborer I', 'leah', '123456', '74075', 9, NULL, NULL, 8, NULL, NULL),
(29, NULL, 'Xaviery Kim', 'Mayo', 'Camba', 'Laborer I', 'xaviery', '123456', '96006', 9, NULL, NULL, 8, NULL, NULL),
(30, NULL, 'Roselle', 'Corpuz', 'Galiste', 'Laborer I', 'roselle', '123456', '89098', 9, NULL, NULL, 8, NULL, NULL),
(31, NULL, 'Roma Marie', 'Manuel', 'Estrada', 'Laborer I', 'roma', '123456', '81058', 10, NULL, NULL, 8, NULL, NULL),
(32, NULL, 'Racquel', 'Fontanos', 'Flores', 'Laborer I', 'racquel', '123456', '72025', 10, NULL, NULL, 8, NULL, NULL),
(33, NULL, 'Kristofer Ian', 'Flores', 'Samonte', 'Administrative Aide I', 'kristofer', '123456', '85036', 11, NULL, NULL, 9, NULL, NULL),
(34, NULL, 'Eliezar', 'Marcos', 'Pedrozo', 'Administrative Aide VI', 'eliezar', '123456', '75049', 11, NULL, NULL, 9, NULL, NULL),
(35, NULL, 'Rhea', 'Pascua', 'Acenas', 'Job Order', 'rhea', '123456', '85152', 11, NULL, NULL, 8, NULL, NULL),
(36, NULL, 'Valirie Ann', 'Lete', 'Flores', 'Laborer I', 'valirie', '123456', '88131', 13, NULL, NULL, 8, NULL, NULL),
(37, NULL, 'Dolores', 'Rillera', 'Villeta', 'Accountant IV', 'dolores', '123456', '76010', 14, NULL, NULL, 6, NULL, NULL),
(38, NULL, 'Marites', 'Mirote', 'Taopo', 'Administrative Assistant III', 'marites', '123456', '64021', 14, NULL, NULL, 8, NULL, NULL),
(39, NULL, 'Messiah Jethro', 'Merca', 'Oineza', 'Laborer I', 'messiah', '123456', '94073', 14, NULL, NULL, 8, NULL, NULL),
(40, NULL, 'Noel', 'Rivera', 'Ducusin', 'Laborer I', 'noel', '123456', '73049', 14, NULL, NULL, 8, NULL, NULL),
(41, NULL, 'Shirley', 'Apiado', 'Quiambao', 'Administrative Assistant III', 'shirley', '123456', '67002', 14, NULL, NULL, 8, NULL, NULL),
(42, NULL, 'Rolly', 'Flores', 'Dumaguin', 'Administrative Aide III', 'rolly', '123456', '69005', 14, NULL, NULL, 9, NULL, NULL),
(43, NULL, 'Herbert Randy', 'Polca', 'Junio', 'Laborer I', 'herbert', '123456', '86083', 14, NULL, NULL, 8, NULL, NULL),
(44, NULL, 'Glazel', 'Dulay', 'Mana-ol', 'laborer I', 'glazel', '123456', '88019', 15, NULL, NULL, 8, NULL, NULL),
(45, NULL, 'Ria', 'David', 'Angelito', 'Laborer I', 'ria', '123456', '95019', 15, NULL, NULL, 8, NULL, NULL),
(46, NULL, 'florence cita', NULL, 'meneses', 'laborer 1', 'florence', '123456', '79133', 4, NULL, NULL, 8, NULL, NULL),
(47, NULL, 'JUDITH', 'EDADES', 'AMPARADO', 'ADMINISTRATIVE AIDE III', 'judith', '123456', '80114', 16, NULL, NULL, 9, NULL, NULL),
(48, NULL, 'Kathleen', 'Aromin', 'Soriano', 'Laborer I', 'kath', '123456', '83153', 2, NULL, NULL, 3, NULL, NULL),
(49, NULL, 'Ma. Ashley', 'Apigo', 'Ebreo', 'Job Order', 'ashley', 'P@ssw0rd', '95021', 4, 'ebreo.maashley@gmail.com', '09459617067', 1, NULL, NULL),
(50, '', 'Rhoniel', 'Madrian', 'Dimaculangan', 'Executive Assistant V', 'rhoniel', '123456', '67047', 3, NULL, NULL, 10, NULL, '225B7B5C2269645C223A5C2264617368626F6172645C222C5C226465736372697074696F6E5C223A5C2244617368626F6172645C222C5C2270726976696C656765735C223A5B7B5C2269645C223A312C5C226465736372697074696F6E5C223A5C2253686F772044617368626F6172645C222C5C2276616C75655C223A66616C73657D5D7D2C7B5C2269645C223A5C22726563656976655F646F63756D656E745C222C5C226465736372697074696F6E5C223A5C2241646420446F63756D656E745C222C5C2270726976696C656765735C223A5B7B5C2269645C223A312C5C226465736372697074696F6E5C223A5C2253686F772041646420446F63756D656E745C222C5C2276616C75655C223A66616C73657D2C7B5C2269645C223A322C5C226465736372697074696F6E5C223A5C2241646420446F63756D656E745C222C5C2276616C75655C223A66616C73657D5D7D2C7B5C2269645C223A5C22726563656976655C222C5C226465736372697074696F6E5C223A5C225265636569766520446F63756D656E745C222C5C2270726976696C656765735C223A5B7B5C2269645C223A312C5C226465736372697074696F6E5C223A5C2253686F77205265636569766520446F63756D656E745C222C5C2276616C75655C223A66616C73657D2C7B5C2269645C223A322C5C226465736372697074696F6E5C223A5C225265636569766520446F63756D656E745C222C5C2276616C75655C223A66616C73657D5D7D2C7B5C2269645C223A5C2266696C655F646F63756D656E745C222C5C226465736372697074696F6E5C223A5C2246696C6520446F63756D656E745C222C5C2270726976696C656765735C223A5B7B5C2269645C223A312C5C226465736372697074696F6E5C223A5C2253686F772046696C6520446F63756D656E745C222C5C2276616C75655C223A66616C73657D2C7B5C2269645C223A322C5C226465736372697074696F6E5C223A5C2246696C6520446F63756D656E745C222C5C2276616C75655C223A66616C73657D5D7D2C7B5C2269645C223A5C227570646174655F747261636B735C222C5C226465736372697074696F6E5C223A5C2255706461746520547261636B735C222C5C2270726976696C656765735C223A5B7B5C2269645C223A312C5C226465736372697074696F6E5C223A5C2253686F772055706461746520547261636B735C222C5C2276616C75655C223A66616C73657D2C7B5C2269645C223A322C5C226465736372697074696F6E5C223A5C225669657720446F63756D656E745C222C5C2276616C75655C223A66616C73657D2C7B5C2269645C223A332C5C226465736372697074696F6E5C223A5C2255706461746520446F63756D656E7420547261636B735C222C5C2276616C75655C223A66616C73657D2C7B5C2269645C223A342C5C226465736372697074696F6E5C223A5C225472616E73697420446F63756D656E745C222C5C2276616C75655C223A66616C73657D2C7B5C2269645C223A352C5C226465736372697074696F6E5C223A5C2252656C6561736520446F63756D656E745C222C5C2276616C75655C223A66616C73657D2C7B5C2269645C223A362C5C226465736372697074696F6E5C223A5C2241646420436F6D6D656E745C222C5C2276616C75655C223A66616C73657D2C7B5C2269645C223A372C5C226465736372697074696F6E5C223A5C22416464205265766973696F6E5C222C5C2276616C75655C223A66616C73657D2C7B5C2269645C223A382C5C226465736372697074696F6E5C223A5C2245646974205265766973696F6E5C222C5C2276616C75655C223A66616C73657D2C7B5C2269645C223A5C2264656C6574655F7265766973696F6E5C222C5C226465736372697074696F6E5C223A5C2244656C657465205265766973696F6E5C222C5C2276616C75655C223A66616C73657D5D7D2C7B5C2269645C223A5C22747261636B5F646F63756D656E745C222C5C226465736372697074696F6E5C223A5C22547261636B20446F63756D656E745C222C5C2270726976696C656765735C223A5B7B5C2269645C223A312C5C226465736372697074696F6E5C223A5C2253686F7720547261636B20446F63756D656E745C222C5C2276616C75655C223A66616C73657D2C7B5C2269645C223A322C5C226465736372697074696F6E5C223A5C22547261636B20446F63756D656E745C222C5C2276616C75655C223A66616C73657D5D7D2C7B5C2269645C223A5C22646F63756D656E74735C222C5C226465736372697074696F6E5C223A5C224C697374206F6620446F63756D656E74735C222C5C2270726976696C656765735C223A5B7B5C2269645C223A312C5C226465736372697074696F6E5C223A5C2253686F7720446F63756D656E74735C222C5C2276616C75655C223A66616C73657D2C7B5C2269645C223A322C5C226465736372697074696F6E5C223A5C225669657720446F63756D656E745C222C5C2276616C75655C223A66616C73657D2C7B5C2269645C223A332C5C226465736372697074696F6E5C223A5C224564697420446F63756D656E745C222C5C2276616C75655C223A66616C73657D2C7B5C2269645C223A5C2264656C6574655F646F63756D656E745C222C5C226465736372697074696F6E5C223A5C2244656C65746520446F63756D656E745C222C5C2276616C75655C223A66616C73657D5D7D2C7B5C2269645C223A5C226163636F756E74735C222C5C226465736372697074696F6E5C223A5C224163636F756E74735C222C5C2270726976696C656765735C223A5B7B5C2269645C223A312C5C226465736372697074696F6E5C223A5C2253686F772055736572204163636F756E74735C222C5C2276616C75655C223A66616C73657D2C7B5C2269645C223A322C5C226465736372697074696F6E5C223A5C224164642055736572204163636F756E745C222C5C2276616C75655C223A66616C73657D2C7B5C2269645C223A332C5C226465736372697074696F6E5C223A5C22456469742055736572204163636F756E745C222C5C2276616C75655C223A66616C73657D2C7B5C2269645C223A5C2264656C6574655F6163636F756E745C222C5C226465736372697074696F6E5C223A5C2244656C6574652055736572204163636F756E745C222C5C2276616C75655C223A66616C73657D5D7D2C7B5C2269645C223A5C2267726F7570735C222C5C226465736372697074696F6E5C223A5C2247726F7570735C222C5C2270726976696C656765735C223A5B7B5C2269645C223A312C5C226465736372697074696F6E5C223A5C2253686F7720557365722047726F7570735C222C5C2276616C75655C223A66616C73657D2C7B5C2269645C223A322C5C226465736372697074696F6E5C223A5C2241646420557365722047726F7570735C222C5C2276616C75655C223A66616C73657D2C7B5C2269645C223A332C5C226465736372697074696F6E5C223A5C224564697420557365722047726F7570735C222C5C2276616C75655C223A66616C73657D2C7B5C2269645C223A5C2264656C6574655F67726F75705C222C5C226465736372697074696F6E5C223A5C2244656C65746520557365722047726F7570735C222C5C2276616C75655C223A66616C73657D5D7D2C7B5C2269645C223A5C226D61696E74656E616E63655C222C5C226465736372697074696F6E5C223A5C224D61696E74656E616E63655C222C5C2270726976696C656765735C223A5B7B5C2269645C223A312C5C226465736372697074696F6E5C223A5C2253686F77204D61696E74656E616E63655C222C5C2276616C75655C223A66616C73657D2C7B5C2269645C223A322C5C226465736372697074696F6E5C223A5C224164645C5C5C2F45646974204974656D5C222C5C2276616C75655C223A66616C73657D2C7B5C2269645C223A5C2264656C6574655F6974656D5C222C5C226465736372697074696F6E5C223A5C2244656C657465204974656D5C222C5C2276616C75655C223A66616C73657D5D7D2C7B5C2269645C223A5C226E6F74696669636174696F6E735C222C5C226465736372697074696F6E5C223A5C224E6F74696669636174696F6E735C222C5C2270726976696C656765735C223A5B7B5C2269645C223A312C5C226465736372697074696F6E5C223A5C22456E61626C65204E6F74696669636174696F6E735C222C5C2276616C75655C223A66616C73657D5D7D5D22'),
(51, NULL, 'Liza', 'Calinawagan', 'Estrella', 'Supervising Administrative Officer', 'liza', '123456', '79113', 3, NULL, NULL, 11, NULL, '225B7B5C2269645C223A5C2264617368626F6172645C222C5C226465736372697074696F6E5C223A5C2244617368626F6172645C222C5C2270726976696C656765735C223A5B7B5C2269645C223A312C5C226465736372697074696F6E5C223A5C2253686F772044617368626F6172645C222C5C2276616C75655C223A66616C73657D5D7D2C7B5C2269645C223A5C22726563656976655F646F63756D656E745C222C5C226465736372697074696F6E5C223A5C2241646420446F63756D656E745C222C5C2270726976696C656765735C223A5B7B5C2269645C223A312C5C226465736372697074696F6E5C223A5C2253686F772041646420446F63756D656E745C222C5C2276616C75655C223A66616C73657D2C7B5C2269645C223A322C5C226465736372697074696F6E5C223A5C2241646420446F63756D656E745C222C5C2276616C75655C223A66616C73657D5D7D2C7B5C2269645C223A5C22726563656976655C222C5C226465736372697074696F6E5C223A5C225265636569766520446F63756D656E745C222C5C2270726976696C656765735C223A5B7B5C2269645C223A312C5C226465736372697074696F6E5C223A5C2253686F77205265636569766520446F63756D656E745C222C5C2276616C75655C223A66616C73657D2C7B5C2269645C223A322C5C226465736372697074696F6E5C223A5C225265636569766520446F63756D656E745C222C5C2276616C75655C223A66616C73657D5D7D2C7B5C2269645C223A5C2266696C655F646F63756D656E745C222C5C226465736372697074696F6E5C223A5C2246696C6520446F63756D656E745C222C5C2270726976696C656765735C223A5B7B5C2269645C223A312C5C226465736372697074696F6E5C223A5C2253686F772046696C6520446F63756D656E745C222C5C2276616C75655C223A66616C73657D2C7B5C2269645C223A322C5C226465736372697074696F6E5C223A5C2246696C6520446F63756D656E745C222C5C2276616C75655C223A66616C73657D5D7D2C7B5C2269645C223A5C227570646174655F747261636B735C222C5C226465736372697074696F6E5C223A5C2255706461746520547261636B735C222C5C2270726976696C656765735C223A5B7B5C2269645C223A312C5C226465736372697074696F6E5C223A5C2253686F772055706461746520547261636B735C222C5C2276616C75655C223A66616C73657D2C7B5C2269645C223A322C5C226465736372697074696F6E5C223A5C225669657720446F63756D656E745C222C5C2276616C75655C223A66616C73657D2C7B5C2269645C223A332C5C226465736372697074696F6E5C223A5C2255706461746520446F63756D656E7420547261636B735C222C5C2276616C75655C223A66616C73657D2C7B5C2269645C223A342C5C226465736372697074696F6E5C223A5C225472616E73697420446F63756D656E745C222C5C2276616C75655C223A66616C73657D2C7B5C2269645C223A352C5C226465736372697074696F6E5C223A5C2252656C6561736520446F63756D656E745C222C5C2276616C75655C223A66616C73657D2C7B5C2269645C223A362C5C226465736372697074696F6E5C223A5C2241646420436F6D6D656E745C222C5C2276616C75655C223A66616C73657D2C7B5C2269645C223A372C5C226465736372697074696F6E5C223A5C22416464205265766973696F6E5C222C5C2276616C75655C223A66616C73657D2C7B5C2269645C223A382C5C226465736372697074696F6E5C223A5C2245646974205265766973696F6E5C222C5C2276616C75655C223A66616C73657D2C7B5C2269645C223A5C2264656C6574655F7265766973696F6E5C222C5C226465736372697074696F6E5C223A5C2244656C657465205265766973696F6E5C222C5C2276616C75655C223A66616C73657D5D7D2C7B5C2269645C223A5C22747261636B5F646F63756D656E745C222C5C226465736372697074696F6E5C223A5C22547261636B20446F63756D656E745C222C5C2270726976696C656765735C223A5B7B5C2269645C223A312C5C226465736372697074696F6E5C223A5C2253686F7720547261636B20446F63756D656E745C222C5C2276616C75655C223A66616C73657D2C7B5C2269645C223A322C5C226465736372697074696F6E5C223A5C22547261636B20446F63756D656E745C222C5C2276616C75655C223A66616C73657D5D7D2C7B5C2269645C223A5C22646F63756D656E74735C222C5C226465736372697074696F6E5C223A5C224C697374206F6620446F63756D656E74735C222C5C2270726976696C656765735C223A5B7B5C2269645C223A312C5C226465736372697074696F6E5C223A5C2253686F7720446F63756D656E74735C222C5C2276616C75655C223A66616C73657D2C7B5C2269645C223A322C5C226465736372697074696F6E5C223A5C225669657720446F63756D656E745C222C5C2276616C75655C223A66616C73657D2C7B5C2269645C223A332C5C226465736372697074696F6E5C223A5C224564697420446F63756D656E745C222C5C2276616C75655C223A66616C73657D2C7B5C2269645C223A5C2264656C6574655F646F63756D656E745C222C5C226465736372697074696F6E5C223A5C2244656C65746520446F63756D656E745C222C5C2276616C75655C223A66616C73657D5D7D2C7B5C2269645C223A5C226163636F756E74735C222C5C226465736372697074696F6E5C223A5C224163636F756E74735C222C5C2270726976696C656765735C223A5B7B5C2269645C223A312C5C226465736372697074696F6E5C223A5C2253686F772055736572204163636F756E74735C222C5C2276616C75655C223A66616C73657D2C7B5C2269645C223A322C5C226465736372697074696F6E5C223A5C224164642055736572204163636F756E745C222C5C2276616C75655C223A66616C73657D2C7B5C2269645C223A332C5C226465736372697074696F6E5C223A5C22456469742055736572204163636F756E745C222C5C2276616C75655C223A66616C73657D2C7B5C2269645C223A5C2264656C6574655F6163636F756E745C222C5C226465736372697074696F6E5C223A5C2244656C6574652055736572204163636F756E745C222C5C2276616C75655C223A66616C73657D5D7D2C7B5C2269645C223A5C2267726F7570735C222C5C226465736372697074696F6E5C223A5C2247726F7570735C222C5C2270726976696C656765735C223A5B7B5C2269645C223A312C5C226465736372697074696F6E5C223A5C2253686F7720557365722047726F7570735C222C5C2276616C75655C223A66616C73657D2C7B5C2269645C223A322C5C226465736372697074696F6E5C223A5C2241646420557365722047726F7570735C222C5C2276616C75655C223A66616C73657D2C7B5C2269645C223A332C5C226465736372697074696F6E5C223A5C224564697420557365722047726F7570735C222C5C2276616C75655C223A66616C73657D2C7B5C2269645C223A5C2264656C6574655F67726F75705C222C5C226465736372697074696F6E5C223A5C2244656C65746520557365722047726F7570735C222C5C2276616C75655C223A66616C73657D5D7D2C7B5C2269645C223A5C226D61696E74656E616E63655C222C5C226465736372697074696F6E5C223A5C224D61696E74656E616E63655C222C5C2270726976696C656765735C223A5B7B5C2269645C223A312C5C226465736372697074696F6E5C223A5C2253686F77204D61696E74656E616E63655C222C5C2276616C75655C223A66616C73657D2C7B5C2269645C223A322C5C226465736372697074696F6E5C223A5C224164645C5C5C2F45646974204974656D5C222C5C2276616C75655C223A66616C73657D2C7B5C2269645C223A5C2264656C6574655F6974656D5C222C5C226465736372697074696F6E5C223A5C2244656C657465204974656D5C222C5C2276616C75655C223A66616C73657D5D7D2C7B5C2269645C223A5C226E6F74696669636174696F6E735C222C5C226465736372697074696F6E5C223A5C224E6F74696669636174696F6E735C222C5C2270726976696C656765735C223A5B7B5C2269645C223A312C5C226465736372697074696F6E5C223A5C22456E61626C65204E6F74696669636174696F6E735C222C5C2276616C75655C223A66616C73657D5D7D5D22'),
(52, NULL, 'SARAH LYNN', 'HONRALES', 'MEJIA', 'ADMINISTRATIVE AIDE IV', 'sarah', '123456', '93007', 20, '', NULL, 9, NULL, '225B7B5C2269645C223A5C2264617368626F6172645C222C5C226465736372697074696F6E5C223A5C2244617368626F6172645C222C5C2270726976696C656765735C223A5B7B5C2269645C223A312C5C226465736372697074696F6E5C223A5C2253686F772044617368626F6172645C222C5C2276616C75655C223A66616C73657D5D7D2C7B5C2269645C223A5C22726563656976655F646F63756D656E745C222C5C226465736372697074696F6E5C223A5C2241646420446F63756D656E745C222C5C2270726976696C656765735C223A5B7B5C2269645C223A312C5C226465736372697074696F6E5C223A5C2253686F772041646420446F63756D656E745C222C5C2276616C75655C223A66616C73657D2C7B5C2269645C223A322C5C226465736372697074696F6E5C223A5C2241646420446F63756D656E745C222C5C2276616C75655C223A66616C73657D5D7D2C7B5C2269645C223A5C22726563656976655C222C5C226465736372697074696F6E5C223A5C225265636569766520446F63756D656E745C222C5C2270726976696C656765735C223A5B7B5C2269645C223A312C5C226465736372697074696F6E5C223A5C2253686F77205265636569766520446F63756D656E745C222C5C2276616C75655C223A66616C73657D2C7B5C2269645C223A322C5C226465736372697074696F6E5C223A5C225265636569766520446F63756D656E745C222C5C2276616C75655C223A66616C73657D5D7D2C7B5C2269645C223A5C2266696C655F646F63756D656E745C222C5C226465736372697074696F6E5C223A5C2246696C6520446F63756D656E745C222C5C2270726976696C656765735C223A5B7B5C2269645C223A312C5C226465736372697074696F6E5C223A5C2253686F772046696C6520446F63756D656E745C222C5C2276616C75655C223A66616C73657D2C7B5C2269645C223A322C5C226465736372697074696F6E5C223A5C2246696C6520446F63756D656E745C222C5C2276616C75655C223A66616C73657D5D7D2C7B5C2269645C223A5C227570646174655F747261636B735C222C5C226465736372697074696F6E5C223A5C2255706461746520547261636B735C222C5C2270726976696C656765735C223A5B7B5C2269645C223A312C5C226465736372697074696F6E5C223A5C2253686F772055706461746520547261636B735C222C5C2276616C75655C223A66616C73657D2C7B5C2269645C223A322C5C226465736372697074696F6E5C223A5C225669657720446F63756D656E745C222C5C2276616C75655C223A66616C73657D2C7B5C2269645C223A332C5C226465736372697074696F6E5C223A5C2255706461746520446F63756D656E7420547261636B735C222C5C2276616C75655C223A66616C73657D2C7B5C2269645C223A342C5C226465736372697074696F6E5C223A5C225472616E73697420446F63756D656E745C222C5C2276616C75655C223A66616C73657D2C7B5C2269645C223A352C5C226465736372697074696F6E5C223A5C2252656C6561736520446F63756D656E745C222C5C2276616C75655C223A66616C73657D2C7B5C2269645C223A362C5C226465736372697074696F6E5C223A5C2241646420436F6D6D656E745C222C5C2276616C75655C223A66616C73657D2C7B5C2269645C223A372C5C226465736372697074696F6E5C223A5C22416464205265766973696F6E5C222C5C2276616C75655C223A66616C73657D2C7B5C2269645C223A382C5C226465736372697074696F6E5C223A5C2245646974205265766973696F6E5C222C5C2276616C75655C223A66616C73657D2C7B5C2269645C223A5C2264656C6574655F7265766973696F6E5C222C5C226465736372697074696F6E5C223A5C2244656C657465205265766973696F6E5C222C5C2276616C75655C223A66616C73657D5D7D2C7B5C2269645C223A5C22747261636B5F646F63756D656E745C222C5C226465736372697074696F6E5C223A5C22547261636B20446F63756D656E745C222C5C2270726976696C656765735C223A5B7B5C2269645C223A312C5C226465736372697074696F6E5C223A5C2253686F7720547261636B20446F63756D656E745C222C5C2276616C75655C223A66616C73657D2C7B5C2269645C223A322C5C226465736372697074696F6E5C223A5C22547261636B20446F63756D656E745C222C5C2276616C75655C223A66616C73657D5D7D2C7B5C2269645C223A5C22646F63756D656E74735C222C5C226465736372697074696F6E5C223A5C224C697374206F6620446F63756D656E74735C222C5C2270726976696C656765735C223A5B7B5C2269645C223A312C5C226465736372697074696F6E5C223A5C2253686F7720446F63756D656E74735C222C5C2276616C75655C223A66616C73657D2C7B5C2269645C223A322C5C226465736372697074696F6E5C223A5C225669657720446F63756D656E745C222C5C2276616C75655C223A66616C73657D2C7B5C2269645C223A332C5C226465736372697074696F6E5C223A5C224564697420446F63756D656E745C222C5C2276616C75655C223A66616C73657D2C7B5C2269645C223A5C2264656C6574655F646F63756D656E745C222C5C226465736372697074696F6E5C223A5C2244656C65746520446F63756D656E745C222C5C2276616C75655C223A66616C73657D5D7D2C7B5C2269645C223A5C226163636F756E74735C222C5C226465736372697074696F6E5C223A5C224163636F756E74735C222C5C2270726976696C656765735C223A5B7B5C2269645C223A312C5C226465736372697074696F6E5C223A5C2253686F772055736572204163636F756E74735C222C5C2276616C75655C223A66616C73657D2C7B5C2269645C223A322C5C226465736372697074696F6E5C223A5C224164642055736572204163636F756E745C222C5C2276616C75655C223A66616C73657D2C7B5C2269645C223A332C5C226465736372697074696F6E5C223A5C22456469742055736572204163636F756E745C222C5C2276616C75655C223A66616C73657D2C7B5C2269645C223A5C2264656C6574655F6163636F756E745C222C5C226465736372697074696F6E5C223A5C2244656C6574652055736572204163636F756E745C222C5C2276616C75655C223A66616C73657D5D7D2C7B5C2269645C223A5C2267726F7570735C222C5C226465736372697074696F6E5C223A5C2247726F7570735C222C5C2270726976696C656765735C223A5B7B5C2269645C223A312C5C226465736372697074696F6E5C223A5C2253686F7720557365722047726F7570735C222C5C2276616C75655C223A66616C73657D2C7B5C2269645C223A322C5C226465736372697074696F6E5C223A5C2241646420557365722047726F7570735C222C5C2276616C75655C223A66616C73657D2C7B5C2269645C223A332C5C226465736372697074696F6E5C223A5C224564697420557365722047726F7570735C222C5C2276616C75655C223A66616C73657D2C7B5C2269645C223A5C2264656C6574655F67726F75705C222C5C226465736372697074696F6E5C223A5C2244656C65746520557365722047726F7570735C222C5C2276616C75655C223A66616C73657D5D7D2C7B5C2269645C223A5C226D61696E74656E616E63655C222C5C226465736372697074696F6E5C223A5C224D61696E74656E616E63655C222C5C2270726976696C656765735C223A5B7B5C2269645C223A312C5C226465736372697074696F6E5C223A5C2253686F77204D61696E74656E616E63655C222C5C2276616C75655C223A66616C73657D2C7B5C2269645C223A322C5C226465736372697074696F6E5C223A5C224164645C5C5C2F45646974204974656D5C222C5C2276616C75655C223A66616C73657D2C7B5C2269645C223A5C2264656C6574655F6974656D5C222C5C226465736372697074696F6E5C223A5C2244656C657465204974656D5C222C5C2276616C75655C223A66616C73657D5D7D2C7B5C2269645C223A5C226E6F74696669636174696F6E735C222C5C226465736372697074696F6E5C223A5C224E6F74696669636174696F6E735C222C5C2270726976696C656765735C223A5B7B5C2269645C223A312C5C226465736372697074696F6E5C223A5C22456E61626C65204E6F74696669636174696F6E735C222C5C2276616C75655C223A66616C73657D5D7D5D22');

--
-- Indexes for dumped tables
--

--
-- Indexes for table `actions_params`
--
ALTER TABLE `actions_params`
  ADD PRIMARY KEY (`id`),
  ADD KEY `option_id` (`document_id`);

--
-- Indexes for table `communications`
--
ALTER TABLE `communications`
  ADD PRIMARY KEY (`id`);

--
-- Indexes for table `departments`
--
ALTER TABLE `departments`
  ADD PRIMARY KEY (`id`);

--
-- Indexes for table `divisions`
--
ALTER TABLE `divisions`
  ADD PRIMARY KEY (`id`),
  ADD KEY `dept_id` (`dept_id`);

--
-- Indexes for table `documents`
--
ALTER TABLE `documents`
  ADD PRIMARY KEY (`id`),
  ADD KEY `user_id` (`user_id`),
  ADD KEY `communication` (`communication`),
  ADD KEY `doc_type` (`doc_type`),
  ADD KEY `origin` (`origin`);

--
-- Indexes for table `document_dt_add_params`
--
ALTER TABLE `document_dt_add_params`
  ADD PRIMARY KEY (`id`),
  ADD KEY `document_id` (`document_id`);

--
-- Indexes for table `document_types`
--
ALTER TABLE `document_types`
  ADD PRIMARY KEY (`id`);

--
-- Indexes for table `document_types_staffs`
--
ALTER TABLE `document_types_staffs`
  ADD PRIMARY KEY (`id`),
  ADD KEY `staff_id` (`staff_id`),
  ADD KEY `document_type` (`document_type`);

--
-- Indexes for table `files`
--
ALTER TABLE `files`
  ADD PRIMARY KEY (`id`),
  ADD KEY `document_id` (`document_id`),
  ADD KEY `user_id` (`user_id`);

--
-- Indexes for table `groups`
--
ALTER TABLE `groups`
  ADD PRIMARY KEY (`id`);

--
-- Indexes for table `notifications`
--
ALTER TABLE `notifications`
  ADD PRIMARY KEY (`id`),
  ADD KEY `user_id` (`user_id`),
  ADD KEY `office_id` (`office_id`),
  ADD KEY `doc_id` (`doc_id`),
  ADD KEY `track_id` (`track_id`),
  ADD KEY `revision_id` (`revision_id`);

--
-- Indexes for table `offices`
--
ALTER TABLE `offices`
  ADD PRIMARY KEY (`id`),
  ADD KEY `dept_id` (`dept_id`);

--
-- Indexes for table `referral_options`
--
ALTER TABLE `referral_options`
  ADD PRIMARY KEY (`id`);

--
-- Indexes for table `revisions`
--
ALTER TABLE `revisions`
  ADD PRIMARY KEY (`id`),
  ADD KEY `document_id` (`document_id`),
  ADD KEY `user_id` (`user_id`);

--
-- Indexes for table `tracks`
--
ALTER TABLE `tracks`
  ADD PRIMARY KEY (`id`),
  ADD KEY `document_id` (`document_id`),
  ADD KEY `office_id` (`office_id`),
  ADD KEY `track_action_staff` (`track_action_staff`),
  ADD KEY `revision_id` (`revision_id`);

--
-- Indexes for table `tracks_options`
--
ALTER TABLE `tracks_options`
  ADD PRIMARY KEY (`id`),
  ADD KEY `track_id` (`track_id`),
  ADD KEY `track_option` (`track_option`);

--
-- Indexes for table `transactions`
--
ALTER TABLE `transactions`
  ADD PRIMARY KEY (`id`);

--
-- Indexes for table `users`
--
ALTER TABLE `users`
  ADD PRIMARY KEY (`id`),
  ADD KEY `div_id` (`div_id`),
  ADD KEY `group_id` (`group_id`);

--
-- AUTO_INCREMENT for dumped tables
--

--
-- AUTO_INCREMENT for table `actions_params`
--
ALTER TABLE `actions_params`
  MODIFY `id` int(11) NOT NULL AUTO_INCREMENT;
--
-- AUTO_INCREMENT for table `departments`
--
ALTER TABLE `departments`
  MODIFY `id` int(11) NOT NULL AUTO_INCREMENT, AUTO_INCREMENT=25;
--
-- AUTO_INCREMENT for table `divisions`
--
ALTER TABLE `divisions`
  MODIFY `id` int(11) NOT NULL AUTO_INCREMENT, AUTO_INCREMENT=47;
--
-- AUTO_INCREMENT for table `documents`
--
ALTER TABLE `documents`
  MODIFY `id` int(50) NOT NULL AUTO_INCREMENT, AUTO_INCREMENT=2;
--
-- AUTO_INCREMENT for table `document_dt_add_params`
--
ALTER TABLE `document_dt_add_params`
  MODIFY `id` int(11) NOT NULL AUTO_INCREMENT;
--
-- AUTO_INCREMENT for table `document_types`
--
ALTER TABLE `document_types`
  MODIFY `id` int(11) NOT NULL AUTO_INCREMENT, AUTO_INCREMENT=18;
--
-- AUTO_INCREMENT for table `document_types_staffs`
--
ALTER TABLE `document_types_staffs`
  MODIFY `id` int(11) NOT NULL AUTO_INCREMENT;
--
-- AUTO_INCREMENT for table `files`
--
ALTER TABLE `files`
  MODIFY `id` int(11) NOT NULL AUTO_INCREMENT, AUTO_INCREMENT=3;
--
-- AUTO_INCREMENT for table `groups`
--
ALTER TABLE `groups`
  MODIFY `id` int(11) NOT NULL AUTO_INCREMENT, AUTO_INCREMENT=12;
--
-- AUTO_INCREMENT for table `notifications`
--
ALTER TABLE `notifications`
  MODIFY `id` int(11) NOT NULL AUTO_INCREMENT, AUTO_INCREMENT=5;
--
-- AUTO_INCREMENT for table `offices`
--
ALTER TABLE `offices`
  MODIFY `id` int(11) NOT NULL AUTO_INCREMENT, AUTO_INCREMENT=40;
--
-- AUTO_INCREMENT for table `referral_options`
--
ALTER TABLE `referral_options`
  MODIFY `id` int(11) NOT NULL AUTO_INCREMENT, AUTO_INCREMENT=17;
--
-- AUTO_INCREMENT for table `revisions`
--
ALTER TABLE `revisions`
  MODIFY `id` int(11) NOT NULL AUTO_INCREMENT, AUTO_INCREMENT=2;
--
-- AUTO_INCREMENT for table `tracks`
--
ALTER TABLE `tracks`
  MODIFY `id` int(255) NOT NULL AUTO_INCREMENT, AUTO_INCREMENT=2;
--
-- AUTO_INCREMENT for table `tracks_options`
--
ALTER TABLE `tracks_options`
  MODIFY `id` int(11) NOT NULL AUTO_INCREMENT;
--
-- AUTO_INCREMENT for table `transactions`
--
ALTER TABLE `transactions`
  MODIFY `id` int(11) NOT NULL AUTO_INCREMENT, AUTO_INCREMENT=3;
--
-- AUTO_INCREMENT for table `users`
--
ALTER TABLE `users`
  MODIFY `id` int(11) NOT NULL AUTO_INCREMENT, AUTO_INCREMENT=53;
--
-- Constraints for dumped tables
--

--
-- Constraints for table `actions_params`
--
ALTER TABLE `actions_params`
  ADD CONSTRAINT `actions_params_ibfk_1` FOREIGN KEY (`document_id`) REFERENCES `documents` (`id`) ON DELETE CASCADE ON UPDATE NO ACTION;

--
-- Constraints for table `divisions`
--
ALTER TABLE `divisions`
  ADD CONSTRAINT `divisions_ibfk_1` FOREIGN KEY (`dept_id`) REFERENCES `departments` (`id`) ON DELETE CASCADE ON UPDATE NO ACTION;

--
-- Constraints for table `document_dt_add_params`
--
ALTER TABLE `document_dt_add_params`
  ADD CONSTRAINT `document_dt_add_params_ibfk_1` FOREIGN KEY (`document_id`) REFERENCES `documents` (`id`) ON DELETE CASCADE ON UPDATE NO ACTION;

--
-- Constraints for table `document_types_staffs`
--
ALTER TABLE `document_types_staffs`
  ADD CONSTRAINT `document_types_staffs_ibfk_1` FOREIGN KEY (`document_type`) REFERENCES `document_types` (`id`) ON DELETE CASCADE ON UPDATE NO ACTION;

--
-- Constraints for table `files`
--
ALTER TABLE `files`
  ADD CONSTRAINT `files_ibfk_1` FOREIGN KEY (`document_id`) REFERENCES `documents` (`id`) ON DELETE CASCADE ON UPDATE NO ACTION;

--
-- Constraints for table `notifications`
--
ALTER TABLE `notifications`
  ADD CONSTRAINT `notifications_ibfk_1` FOREIGN KEY (`doc_id`) REFERENCES `documents` (`id`) ON DELETE CASCADE ON UPDATE NO ACTION,
  ADD CONSTRAINT `notifications_ibfk_2` FOREIGN KEY (`track_id`) REFERENCES `tracks` (`id`) ON DELETE CASCADE ON UPDATE NO ACTION,
  ADD CONSTRAINT `notifications_ibfk_3` FOREIGN KEY (`revision_id`) REFERENCES `revisions` (`id`) ON DELETE CASCADE ON UPDATE NO ACTION;

--
-- Constraints for table `offices`
--
ALTER TABLE `offices`
  ADD CONSTRAINT `offices_ibfk_1` FOREIGN KEY (`dept_id`) REFERENCES `departments` (`id`) ON DELETE CASCADE ON UPDATE NO ACTION;

--
-- Constraints for table `revisions`
--
ALTER TABLE `revisions`
  ADD CONSTRAINT `revisions_ibfk_1` FOREIGN KEY (`document_id`) REFERENCES `documents` (`id`) ON DELETE CASCADE ON UPDATE NO ACTION;

--
-- Constraints for table `tracks`
--
ALTER TABLE `tracks`
  ADD CONSTRAINT `tracks_ibfk_1` FOREIGN KEY (`document_id`) REFERENCES `documents` (`id`) ON DELETE CASCADE ON UPDATE NO ACTION,
  ADD CONSTRAINT `tracks_ibfk_2` FOREIGN KEY (`revision_id`) REFERENCES `revisions` (`id`) ON DELETE CASCADE ON UPDATE NO ACTION;

--
-- Constraints for table `tracks_options`
--
ALTER TABLE `tracks_options`
  ADD CONSTRAINT `tracks_options_ibfk_1` FOREIGN KEY (`track_id`) REFERENCES `tracks` (`id`) ON DELETE CASCADE ON UPDATE NO ACTION;

/*!40101 SET CHARACTER_SET_CLIENT=@OLD_CHARACTER_SET_CLIENT */;
/*!40101 SET CHARACTER_SET_RESULTS=@OLD_CHARACTER_SET_RESULTS */;
/*!40101 SET COLLATION_CONNECTION=@OLD_COLLATION_CONNECTION */;
